SET DEFINE OFF;
--1 Person DONE
INSERT ALL
    INTO Person (PE_ID, PE_PreferredName, PE_LanguageSpoken, PE_Nationality, PE_Allergies, PE_CommunicationPreference, PE_ICNumber, PE_EmergencyContact, PE_Race, PE_DiscountEligibility)
    VALUES (2201, 'Ahmad', 'Malay', 'Malaysian', 'Peanuts', 'Call', '900101145678', '60123456789', 'Malay', 'Yes')
    INTO Person (PE_ID, PE_PreferredName, PE_LanguageSpoken, PE_Nationality, PE_Allergies, PE_CommunicationPreference, PE_ICNumber, PE_EmergencyContact, PE_Race, PE_DiscountEligibility)
    VALUES (2202, 'Siti', 'Malay', 'Malaysian', 'Shellfish', 'Text', '871223081234', '601112223344', 'Malay', 'No')
    INTO Person (PE_ID, PE_PreferredName, PE_LanguageSpoken, PE_Nationality, PE_Allergies, PE_CommunicationPreference, PE_ICNumber, PE_EmergencyContact, PE_Race, PE_DiscountEligibility)
    VALUES (2203, 'Mohd', 'Malay', 'Malaysian', 'Pollen', 'Email', '950715104321', '60199887766', 'Malay', 'Yes')
    INTO Person (PE_ID, PE_PreferredName, PE_LanguageSpoken, PE_Nationality, PE_Allergies, PE_CommunicationPreference, PE_ICNumber, PE_EmergencyContact, PE_Race, PE_DiscountEligibility)
    VALUES (2204, 'Aisha', 'Malay', 'Malaysian', 'Dust', 'Call', '920530078765', '60167778899', 'Malay', 'Yes')
    INTO Person (PE_ID, PE_PreferredName, PE_LanguageSpoken, PE_Nationality, PE_Allergies, PE_CommunicationPreference, PE_ICNumber, PE_EmergencyContact, PE_Race, PE_DiscountEligibility)
    VALUES (2205, 'Hafiz', 'Malay', 'Malaysian', 'Dairy', 'Text', '880412032345', '60123455678', 'Malay', 'No')
    INTO Person (PE_ID, PE_PreferredName, PE_LanguageSpoken, PE_Nationality, PE_Allergies, PE_CommunicationPreference, PE_ICNumber, PE_EmergencyContact, PE_Race, PE_DiscountEligibility)
    VALUES (2206, 'Nurul', 'Malay', 'Malaysian', 'Eggs', 'Email', '960628056789', '60184567890', 'Malay', 'No')
    INTO Person (PE_ID, PE_PreferredName, PE_LanguageSpoken, PE_Nationality, PE_Allergies, PE_CommunicationPreference, PE_ICNumber, PE_EmergencyContact, PE_Race, PE_DiscountEligibility)
    VALUES (2207, 'Farhan', 'Malay', 'Malaysian', 'Soy', 'Call', '910315027890', '60133445566', 'Malay', 'Yes')
    INTO Person (PE_ID, PE_PreferredName, PE_LanguageSpoken, PE_Nationality, PE_Allergies, PE_CommunicationPreference, PE_ICNumber, PE_EmergencyContact, PE_Race, PE_DiscountEligibility)
    VALUES (2208, 'Zahira', 'Malay', 'Malaysian', 'Wheat', 'Text', '850921063456', '60155667788', 'Malay', 'Yes')
    INTO Person (PE_ID, PE_PreferredName, PE_LanguageSpoken, PE_Nationality, PE_Allergies, PE_CommunicationPreference, PE_ICNumber, PE_EmergencyContact, PE_Race, PE_DiscountEligibility)
    VALUES (2209, 'Hadi', 'Malay', 'Malaysian', 'Nuts', 'Email', '970102115432', '60177889900', 'Malay', 'Yes')
    INTO Person (PE_ID, PE_PreferredName, PE_LanguageSpoken, PE_Nationality, PE_Allergies, PE_CommunicationPreference, PE_ICNumber, PE_EmergencyContact, PE_Race, PE_DiscountEligibility)
    VALUES (2210, 'Lina', 'Malay', 'Malaysian', 'Insects', 'Call', '890607092109', '60122334455', 'Malay', 'Yes')
    INTO Person (PE_ID, PE_PreferredName, PE_LanguageSpoken, PE_Nationality, PE_Allergies, PE_CommunicationPreference, PE_ICNumber, PE_EmergencyContact, PE_Race, PE_DiscountEligibility)
    VALUES (2211, 'Alice', 'Malay', 'Malaysian', 'Latex', 'Text', '930823127654', '60166778899', 'Chinese', 'Yes')
    INTO Person (PE_ID, PE_PreferredName, PE_LanguageSpoken, PE_Nationality, PE_Allergies, PE_CommunicationPreference, PE_ICNumber, PE_EmergencyContact, PE_Race, PE_DiscountEligibility)
    VALUES (2212, 'Bob', 'Malay', 'Malaysian', 'Mold', 'Email', '940430049876', '60190987654', 'Chinese', 'Yes')
    INTO Person (PE_ID, PE_PreferredName, PE_LanguageSpoken, PE_Nationality, PE_Allergies, PE_CommunicationPreference, PE_ICNumber, PE_EmergencyContact, PE_Race, PE_DiscountEligibility)
    VALUES (2213, 'Cindy', 'Malay', 'Malaysian', 'Pets', 'Call', '860218136783', '601300456789', 'Chinese', 'Yes')
    INTO Person (PE_ID, PE_PreferredName, PE_LanguageSpoken, PE_Nationality, PE_Allergies, PE_CommunicationPreference, PE_ICNumber, PE_EmergencyContact, PE_Race, PE_DiscountEligibility)
    VALUES (2214, 'David', 'Malay', 'Malaysian', 'Grass', 'Text', '981014151230', '601188990077', 'Iban', 'Yes')
    INTO Person (PE_ID, PE_PreferredName, PE_LanguageSpoken, PE_Nationality, PE_Allergies, PE_CommunicationPreference, PE_ICNumber, PE_EmergencyContact, PE_Race, PE_DiscountEligibility)
    VALUES (2215, 'Emma', 'Malay', 'Malaysian', 'Perfume', 'Email', '991225084567', '60144556677', 'Malay', 'Yes')
    INTO Person (PE_ID, PE_PreferredName, PE_LanguageSpoken, PE_Nationality, PE_Allergies, PE_CommunicationPreference, PE_ICNumber, PE_EmergencyContact, PE_Race, PE_DiscountEligibility)
    VALUES (2216, 'Farah', 'Malay', 'Malaysian', 'Penicillin', 'Call', '850703108901', '60123344556', 'Malay', 'Yes')
    INTO Person (PE_ID, PE_PreferredName, PE_LanguageSpoken, PE_Nationality, PE_Allergies, PE_CommunicationPreference, PE_ICNumber, PE_EmergencyContact, PE_Race, PE_DiscountEligibility)
    VALUES (2217, 'Gabe', 'Malay', 'Malaysian', 'Nickel', 'Text', '880930024321', '60167788990', 'Kadazan-Dusun', 'Yes')
    INTO Person (PE_ID, PE_PreferredName, PE_LanguageSpoken, PE_Nationality, PE_Allergies, PE_CommunicationPreference, PE_ICNumber, PE_EmergencyContact, PE_Race, PE_DiscountEligibility)
    VALUES (2218, 'Hannah', 'Malay', 'Malaysian', 'Sunlight', 'Email', '921117076543', '601900112233', 'Chinese', 'Yes')
    INTO Person (PE_ID, PE_PreferredName, PE_LanguageSpoken, PE_Nationality, PE_Allergies, PE_CommunicationPreference, PE_ICNumber, PE_EmergencyContact, PE_Race, PE_DiscountEligibility)
    VALUES (2219, 'Ivan', 'Malay', 'Malaysian', 'Alcohol', 'Call', '871111147896', '60145566778', 'Iban', 'Yes')
    INTO Person (PE_ID, PE_PreferredName, PE_LanguageSpoken, PE_Nationality, PE_Allergies, PE_CommunicationPreference, PE_ICNumber, PE_EmergencyContact, PE_Race, PE_DiscountEligibility)
    VALUES (2220, 'Jia', 'Malay', 'Malaysian', 'Meat', 'Text', '900222113452', '60166778899', 'Chinese', 'Yes')
    INTO Person (PE_ID, PE_PreferredName, PE_LanguageSpoken, PE_Nationality, PE_Allergies, PE_CommunicationPreference, PE_ICNumber, PE_EmergencyContact, PE_Race, PE_DiscountEligibility)
    VALUES (2221, 'Ken', 'English', 'Vietnamese', 'MSG', 'Email', '940909062107', '60123456700', 'Chinese', 'Yes')
    INTO Person (PE_ID, PE_PreferredName, PE_LanguageSpoken, PE_Nationality, PE_Allergies, PE_CommunicationPreference, PE_ICNumber, PE_EmergencyContact, PE_Race, PE_DiscountEligibility)
    VALUES (2222, 'Lisa', 'Malay', 'Malaysian', 'Coconut', 'Call', '951201050987', '60134567890', 'Malay', 'Yes')
    INTO Person (PE_ID, PE_PreferredName, PE_LanguageSpoken, PE_Nationality, PE_Allergies, PE_CommunicationPreference, PE_ICNumber, PE_EmergencyContact, PE_Race, PE_DiscountEligibility)
    VALUES (2223, 'Alex', 'Malay', 'Malaysian', 'Avocado', 'Text', '920805126745', '60176543210', 'Malay', 'Yes')
    INTO Person (PE_ID, PE_PreferredName, PE_LanguageSpoken, PE_Nationality, PE_Allergies, PE_CommunicationPreference, PE_ICNumber, PE_EmergencyContact, PE_Race, PE_DiscountEligibility)
    VALUES (2224, 'Mei Ling', 'Malay', 'Malaysian', 'Chlorine', 'Email', '880314093458', '60189765432', 'Chinese', 'Yes')
    INTO Person (PE_ID, PE_PreferredName, PE_LanguageSpoken, PE_Nationality, PE_Allergies, PE_CommunicationPreference, PE_ICNumber, PE_EmergencyContact, PE_Race, PE_DiscountEligibility)
    VALUES (2225, 'Tom', 'Malay', 'Malaysian', 'Caffeine', 'Call', '990726031256', '60198765432', 'Indian', 'Yes')
    INTO Person (PE_ID, PE_PreferredName, PE_LanguageSpoken, PE_Nationality, PE_Allergies, PE_CommunicationPreference, PE_ICNumber, PE_EmergencyContact, PE_Race, PE_DiscountEligibility)
    VALUES (2226, 'Sarah Ann', 'Malay', 'Malaysian', 'Banana', 'Text', '860505088762', '60154321098', 'Malay', 'Yes')
    INTO Person (PE_ID, PE_PreferredName, PE_LanguageSpoken, PE_Nationality, PE_Allergies, PE_CommunicationPreference, PE_ICNumber, PE_EmergencyContact, PE_Race, PE_DiscountEligibility)
    VALUES (2227, 'John', 'Malay', 'Malaysian', 'Strawberries', 'Email', '970617134325', '60167890123', 'Indian', 'Yes')
    INTO Person (PE_ID, PE_PreferredName, PE_LanguageSpoken, PE_Nationality, PE_Allergies, PE_CommunicationPreference, PE_ICNumber, PE_EmergencyContact, PE_Race, PE_DiscountEligibility)
    VALUES (2228, 'Emily', 'Malay', 'Malaysian', 'Cold', 'Call', '891130105439', '60189012345', 'Chinese', 'Yes')
    INTO Person (PE_ID, PE_PreferredName, PE_LanguageSpoken, PE_Nationality, PE_Allergies, PE_CommunicationPreference, PE_ICNumber, PE_EmergencyContact, PE_Race, PE_DiscountEligibility)
    VALUES (2229, 'Mike', 'Malay', 'Malaysian', 'None', 'Text', '961228078761', '60112345678', 'Indian', 'Yes')
    INTO Person (PE_ID, PE_PreferredName, PE_LanguageSpoken, PE_Nationality, PE_Allergies, PE_CommunicationPreference, PE_ICNumber, PE_EmergencyContact, PE_Race, PE_DiscountEligibility)
    VALUES (2230, 'Jenny', 'Malay', 'Malaysian', 'None', 'Email', '901009042341', '60156789012', 'Chinese', 'Yes')
SELECT 1 FROM DUAL;


--2 Customer DONE
INSERT ALL
    INTO Customer (C_ID, C_Name, C_PhoneNumber, C_DOB, C_Gender, C_Address, C_MembershipStatus, C_PointsBalance, C_RegistrationDate, C_Preference, PE_ID, PE_PREFERREDNAME)
    VALUES (9874, 'Ahmad bin Ismail', '0102367895', TO_DATE('14/06/1997', 'DD/MM/YYYY'), 'Male', 'Penang', 'Regular', 0, TO_DATE('01/12/2019', 'DD/MM/YYYY'), 'Coffee', 2201, 'Ahmad')
    INTO Customer (C_ID, C_Name, C_PhoneNumber, C_DOB, C_Gender, C_Address, C_MembershipStatus, C_PointsBalance, C_RegistrationDate, C_Preference, PE_ID, PE_PREFERREDNAME)
    VALUES (9875, 'Siti binti Abdullah', '01356837659', TO_DATE('07/03/1990', 'DD/MM/YYYY'), 'Female', 'Ipoh', 'Silver', 0, TO_DATE('01/02/2020', 'DD/MM/YYYY'), 'Tea', 2202, 'Siti')
    INTO Customer (C_ID, C_Name, C_PhoneNumber, C_DOB, C_Gender, C_Address, C_MembershipStatus, C_PointsBalance, C_RegistrationDate, C_Preference, PE_ID, PE_PREFERREDNAME)
    VALUES (7789, 'Mohd bin Razak', '01178532894', TO_DATE('22/09/2000', 'DD/MM/YYYY'), 'Male', 'KL', 'Regular', 0, TO_DATE('01/09/2023', 'DD/MM/YYYY'), 'Tea', 2203, 'Mohd')
    INTO Customer (C_ID, C_Name, C_PhoneNumber, C_DOB, C_Gender, C_Address, C_MembershipStatus, C_PointsBalance, C_RegistrationDate, C_Preference, PE_ID, PE_PREFERREDNAME)
    VALUES (8763, 'Aisha binti Zainal', '01698726703', TO_DATE('03/07/1999', 'DD/MM/YYYY'), 'Female', 'KL', 'Gold', 0, TO_DATE('01/03/2021', 'DD/MM/YYYY'), 'Coffee', 2204, 'Aisha')
    INTO Customer (C_ID, C_Name, C_PhoneNumber, C_DOB, C_Gender, C_Address, C_MembershipStatus, C_PointsBalance, C_RegistrationDate, C_Preference, PE_ID, PE_PREFERREDNAME)
    VALUES (7625, 'Hafiz bin Rahman', '01425059110', TO_DATE('18/09/1996', 'DD/MM/YYYY'), 'Male', 'KL', 'Gold', 0, TO_DATE('01/01/2020', 'DD/MM/YYYY'), 'Tea', 2205, 'Hafiz')
    INTO Customer (C_ID, C_Name, C_PhoneNumber, C_DOB, C_Gender, C_Address, C_MembershipStatus, C_PointsBalance, C_RegistrationDate, C_Preference, PE_ID, PE_PREFERREDNAME)
    VALUES (6520, 'Nurul binti Karim', '01906732508', TO_DATE('29/10/2001', 'DD/MM/YYYY'), 'Female', 'Penang', 'Silver', 0, TO_DATE('01/09/2019', 'DD/MM/YYYY'), 'Milktea', 2206, 'Nurul')
    INTO Customer (C_ID, C_Name, C_PhoneNumber, C_DOB, C_Gender, C_Address, C_MembershipStatus, C_PointsBalance, C_RegistrationDate, C_Preference, PE_ID, PE_PREFERREDNAME)
    VALUES (9529, 'Farhan bin Idris', '01024853356', TO_DATE('10/12/2003', 'DD/MM/YYYY'), 'Male', 'Ipoh', 'Regular', 0, TO_DATE('01/08/2019', 'DD/MM/YYYY'), 'Coffee', 2207, 'Farhan')
    INTO Customer (C_ID, C_Name, C_PhoneNumber, C_DOB, C_Gender, C_Address, C_MembershipStatus, C_PointsBalance, C_RegistrationDate, C_Preference, PE_ID, PE_PREFERREDNAME)
    VALUES (2567, 'Zahira binti Osman', '01902545091', TO_DATE('25/11/1994', 'DD/MM/YYYY'), 'Female', 'Putrajaya', 'Platinum', 0, TO_DATE('01/11/2024', 'DD/MM/YYYY'), 'Milktea', 2208, 'Zahira')
    INTO Customer (C_ID, C_Name, C_PhoneNumber, C_DOB, C_Gender, C_Address, C_MembershipStatus, C_PointsBalance, C_RegistrationDate, C_Preference, PE_ID, PE_PREFERREDNAME)
    VALUES (3678, 'Hadi bin Mahmud', '01192475632', TO_DATE('06/01/1999', 'DD/MM/YYYY'), 'Male', 'KL', 'Regular', 0, TO_DATE('01/06/2023', 'DD/MM/YYYY'), 'Coffee', 2209, 'Hadi')
    INTO Customer (C_ID, C_Name, C_PhoneNumber, C_DOB, C_Gender, C_Address, C_MembershipStatus, C_PointsBalance, C_RegistrationDate, C_Preference, PE_ID, PE_PREFERREDNAME)
    VALUES (7679, 'Lina binti Fauzi', '01822398954', TO_DATE('30/06/2003', 'DD/MM/YYYY'), 'Female', 'Putrajaya', 'Regular', 0, TO_DATE('01/04/2021', 'DD/MM/YYYY'), 'Coffee', 2210, 'Lina')
SELECT 1 FROM DUAL;






--3 Employee DONE
INSERT ALL
    INTO Employee (E_ID, E_FullName, E_Role, E_PhoneNumber, E_Email, E_Address, E_Salary, E_HireDate, E_Shift, E_Status, PE_ID, PE_PREFERREDNAME)
    VALUES (1023, 'Alice Lee', 'Manager', '01038762678', 'ahmad_hassan@zuscoffee.com', 'KL', 5000, TO_DATE('01/06/2019', 'DD/MM/YYYY'), 'Morning', 'Active', 2211, 'Alice')
    INTO Employee (E_ID, E_FullName, E_Role, E_PhoneNumber, E_Email, E_Address, E_Salary, E_HireDate, E_Shift, E_Status, PE_ID, PE_PREFERREDNAME)
    VALUES (4789, 'Bob Tan', 'Manager', '01997837688', 'siti_nor_zainarl@zuscoffee.com', 'KL', 5000, TO_DATE('01/02/2021', 'DD/MM/YYYY'), 'Morning', 'Active', 2212, 'Bob')
    INTO Employee (E_ID, E_FullName, E_Role, E_PhoneNumber, E_Email, E_Address, E_Salary, E_HireDate, E_Shift, E_Status, PE_ID, PE_PREFERREDNAME)
    VALUES (2501, 'Cindy Ng', 'Manager', '01298748720', 'fais_adullah@zuscoffee.com', 'Ipoh', 5000, TO_DATE('01/08/2023', 'DD/MM/YYYY'), 'Night', 'Active', 2213, 'Cindy')
    INTO Employee (E_ID, E_FullName, E_Role, E_PhoneNumber, E_Email, E_Address, E_Salary, E_HireDate, E_Shift, E_Status, PE_ID, PE_PREFERREDNAME)
    VALUES (6934, 'David Lim', 'Manager', '01092882879', 'nurlzzah_rahim@zuscoffee.com', 'KL', 6500, TO_DATE('01/11/2020', 'DD/MM/YYYY'), 'Afternoon', 'Active', 2214, 'David')
    INTO Employee (E_ID, E_FullName, E_Role, E_PhoneNumber, E_Email, E_Address, E_Salary, E_HireDate, E_Shift, E_Status, PE_ID, PE_PREFERREDNAME)
    VALUES (8172, 'Emma Ong', 'Manager', '01875873381', 'zulkifli_ismail@zuscoffee.com', 'Putrajaya', 6500, TO_DATE('01/10/2023', 'DD/MM/YYYY'), 'Night', 'Active', 2215, 'Emma')
    INTO Employee (E_ID, E_FullName, E_Role, E_PhoneNumber, E_Email, E_Address, E_Salary, E_HireDate, E_Shift, E_Status, PE_ID, PE_PREFERREDNAME)
    VALUES (5648, 'Farah Aziz', 'Manager', '01673082683', 'alnab_salleh@zuscoffee.com', 'Ipoh', 6500, TO_DATE('01/04/2024', 'DD/MM/YYYY'), 'Morning', 'Active', 2216, 'Farah')
    INTO Employee (E_ID, E_FullName, E_Role, E_PhoneNumber, E_Email, E_Address, E_Salary, E_HireDate, E_Shift, E_Status, PE_ID, PE_PREFERREDNAME)
    VALUES (3290, 'Gabe Ong', 'Manager', '01478350027', 'faizal_zainal@zuscoffee.com', 'KL', 6500, TO_DATE('01/09/2019', 'DD/MM/YYYY'), 'Afternoon', 'Active', 2217, 'Gabe')
    INTO Employee (E_ID, E_FullName, E_Role, E_PhoneNumber, E_Email, E_Address, E_Salary, E_HireDate, E_Shift, E_Status, PE_ID, PE_PREFERREDNAME)
    VALUES (7456, 'Hannah Tan', 'Manager', '01366792387', 'syafiq_rolan@zuscoffee.com', 'Putrajaya', 6500, TO_DATE('01/09/2021', 'DD/MM/YYYY'), 'Night', 'Active', 2218, 'Hannah')
    INTO Employee (E_ID, E_FullName, E_Role, E_PhoneNumber, E_Email, E_Address, E_Salary, E_HireDate, E_Shift, E_Status, PE_ID, PE_PREFERREDNAME)
    VALUES (1984, 'Ivan Lee', 'Manager', '01366984587', 'hidayah_mohamad@zuscoffee.com', 'KL', 4500, TO_DATE('01/04/2023', 'DD/MM/YYYY'), 'Morning', 'Active', 2219, 'Ivan')
    INTO Employee (E_ID, E_FullName, E_Role, E_PhoneNumber, E_Email, E_Address, E_Salary, E_HireDate, E_Shift, E_Status, PE_ID, PE_PREFERREDNAME)
    VALUES (6205, 'Jia Lin', 'Manager', '01499762464', 'zainab_ibrahim@zuscoffee.com', 'Ipoh', 4500, TO_DATE('01/05/2024', 'DD/MM/YYYY'), 'Afternoon', 'Active', 2220, 'Jia')
    INTO Employee (E_ID, E_FullName, E_Role, E_PhoneNumber, E_Email, E_Address, E_Salary, E_HireDate, E_Shift, E_Status, PE_ID, PE_PREFERREDNAME)
    VALUES (4137, 'Ken Abdullah', 'Barista', '01782345678', 'ken.abdullah@zuscoffee.com', 'Ipoh', 1500, TO_DATE('01/07/2020', 'DD/MM/YYYY'), 'Morning', 'Active', 2221, 'Ken')
    INTO Employee (E_ID, E_FullName, E_Role, E_PhoneNumber, E_Email, E_Address, E_Salary, E_HireDate, E_Shift, E_Status, PE_ID, PE_PREFERREDNAME)
    VALUES (9571, 'Lisa Farhan', 'Barista', '01891234567', 'lisa.farhan@zuscoffee.com', 'KL', 1500, TO_DATE('01/03/2022', 'DD/MM/YYYY'), 'Afternoon', 'Active', 2222, 'Lisa')
    INTO Employee (E_ID, E_FullName, E_Role, E_PhoneNumber, E_Email, E_Address, E_Salary, E_HireDate, E_Shift, E_Status, PE_ID, PE_PREFERREDNAME)
    VALUES (2846, 'Alex Mahzan', 'Barista', '01176543210', 'alex.mahzan@zuscoffee.com', 'Ipoh', 1500, TO_DATE('01/12/2019', 'DD/MM/YYYY'), 'Night', 'Active', 2223, 'Alex')
    INTO Employee (E_ID, E_FullName, E_Role, E_PhoneNumber, E_Email, E_Address, E_Salary, E_HireDate, E_Shift, E_Status, PE_ID, PE_PREFERREDNAME)
    VALUES (8392, 'Mei Ling Tan', 'Barista', '01987654321', 'meiling.tan@zuscoffee.com', 'Ipoh', 1500, TO_DATE('01/06/2022', 'DD/MM/YYYY'), 'Afternoon', 'Active', 2224, 'Mei Ling')
    INTO Employee (E_ID, E_FullName, E_Role, E_PhoneNumber, E_Email, E_Address, E_Salary, E_HireDate, E_Shift, E_Status, PE_ID, PE_PREFERREDNAME)
    VALUES (5720, 'Tom Cruise', 'Barista', '01299876543', 'tom.cruise@zuscoffee.com', 'Ipoh', 1500, TO_DATE('01/02/2020', 'DD/MM/YYYY'), 'Night', 'Active', 2225, 'Tom')
    INTO Employee (E_ID, E_FullName, E_Role, E_PhoneNumber, E_Email, E_Address, E_Salary, E_HireDate, E_Shift, E_Status, PE_ID, PE_PREFERREDNAME)
    VALUES (6903, 'Sarah Ann Pierre', 'Barista', '01033445566', 'sarah.pierre@zuscoffee.com', 'Ipoh', 1500, TO_DATE('01/11/2023', 'DD/MM/YYYY'), 'Morning', 'Active', 2226, 'Sarah Ann')
    INTO Employee (E_ID, E_FullName, E_Role, E_PhoneNumber, E_Email, E_Address, E_Salary, E_HireDate, E_Shift, E_Status, PE_ID, PE_PREFERREDNAME)
    VALUES (1258, 'John Swift', 'Barista', '01644556677', 'john.swift@zuscoffee.com', 'Ipoh', 1500, TO_DATE('01/08/2020', 'DD/MM/YYYY'), 'Morning', 'Active', 2227, 'John')
    INTO Employee (E_ID, E_FullName, E_Role, E_PhoneNumber, E_Email, E_Address, E_Salary, E_HireDate, E_Shift, E_Status, PE_ID, PE_PREFERREDNAME)
    VALUES (3487, 'Emily Dickinson', 'Barista', '01355667788', 'emily.dickinson@zuscoffee.com', 'Putrajaya', 1500, TO_DATE('01/10/2021', 'DD/MM/YYYY'), 'Afternoon', 'Active', 2228, 'Emily')
    INTO Employee (E_ID, E_FullName, E_Role, E_PhoneNumber, E_Email, E_Address, E_Salary, E_HireDate, E_Shift, E_Status, PE_ID, PE_PREFERREDNAME)
    VALUES (7614, 'Mike Tyler', 'Barista', '01466778899', 'mike.tyler@zuscoffee.com', 'KL', 1500, TO_DATE('01/05/2022', 'DD/MM/YYYY'), 'Night', 'Active', 2229, 'Mike')
    INTO Employee (E_ID, E_FullName, E_Role, E_PhoneNumber, E_Email, E_Address, E_Salary, E_HireDate, E_Shift, E_Status, PE_ID, PE_PREFERREDNAME)
    VALUES (9035, 'Jenny Han', 'Barista', '01177889900', 'jenny.han@zuscoffee.com', 'Ipoh', 1500, TO_DATE('01/07/2023', 'DD/MM/YYYY'), 'Afternoon', 'Active', 2230, 'Jenny')
SELECT 1 FROM DUAL;





--4 Barista DONE
INSERT ALL
    INTO Barista (BA_ID, BA_Nickname, BA_BeverageExpertise, BA_CertificationLevel, BA_TrainingComplete, BA_EducationLevel, BA_CustomerFeedbackScore, BA_SpeedOfService, BA_ShiftPreference, BA_InnovationContribution, E_ID, E_FullName)
    VALUES (1245, 'Ken', 'Tea', 'Beginner', 'Yes', 'Medium', 4, 3, 'Morning', 'Moderate', 4137, 'Ken Abdullah')
    INTO Barista (BA_ID, BA_Nickname, BA_BeverageExpertise, BA_CertificationLevel, BA_TrainingComplete, BA_EducationLevel, BA_CustomerFeedbackScore, BA_SpeedOfService, BA_ShiftPreference, BA_InnovationContribution, E_ID, E_FullName)
    VALUES (3578, 'Lisa', 'Coffee', 'Advanced', 'Yes', 'Low', 5, 4, 'Afternoon', 'High', 9571, 'Lisa Farhan')
    INTO Barista (BA_ID, BA_Nickname, BA_BeverageExpertise, BA_CertificationLevel, BA_TrainingComplete, BA_EducationLevel, BA_CustomerFeedbackScore, BA_SpeedOfService, BA_ShiftPreference, BA_InnovationContribution, E_ID, E_FullName)
    VALUES (9021, 'Alex', 'Tea', 'Expert', 'Yes', 'High', 3, 2, 'Morning', 'Low', 2846, 'Alex Mahzan')
    INTO Barista (BA_ID, BA_Nickname, BA_BeverageExpertise, BA_CertificationLevel, BA_TrainingComplete, BA_EducationLevel, BA_CustomerFeedbackScore, BA_SpeedOfService, BA_ShiftPreference, BA_InnovationContribution, E_ID, E_FullName)
    VALUES (4567, 'Mei', 'Coffee', 'Intermediate', 'Yes', 'Medium', 5, 4, 'Morning', 'Moderate', 8392, 'Mei Ling Tan')
    INTO Barista (BA_ID, BA_Nickname, BA_BeverageExpertise, BA_CertificationLevel, BA_TrainingComplete, BA_EducationLevel, BA_CustomerFeedbackScore, BA_SpeedOfService, BA_ShiftPreference, BA_InnovationContribution, E_ID, E_FullName)
    VALUES (8390, 'Tom', 'Tea', 'Advanced', 'Yes', 'High', 5, 4, 'Afternoon', 'High', 5720, 'Tom Cruise')
    INTO Barista (BA_ID, BA_Nickname, BA_BeverageExpertise, BA_CertificationLevel, BA_TrainingComplete, BA_EducationLevel, BA_CustomerFeedbackScore, BA_SpeedOfService, BA_ShiftPreference, BA_InnovationContribution, E_ID, E_FullName)
    VALUES (2146, 'Sarah', 'Tea', 'Expert', 'Yes', 'High', 5, 3, 'Flexible', 'Moderate', 6903, 'Sarah Ann Pierre')
    INTO Barista (BA_ID, BA_Nickname, BA_BeverageExpertise, BA_CertificationLevel, BA_TrainingComplete, BA_EducationLevel, BA_CustomerFeedbackScore, BA_SpeedOfService, BA_ShiftPreference, BA_InnovationContribution, E_ID, E_FullName)
    VALUES (6754, 'John', 'Coffee', 'Advanced', 'Yes', 'Low', 4, 2, 'Afternoon', 'Low', 1258, 'John Swift')
    INTO Barista (BA_ID, BA_Nickname, BA_BeverageExpertise, BA_CertificationLevel, BA_TrainingComplete, BA_EducationLevel, BA_CustomerFeedbackScore, BA_SpeedOfService, BA_ShiftPreference, BA_InnovationContribution, E_ID, E_FullName)
    VALUES (9812, 'Emily', 'Coffee', 'Expert', 'Yes', 'Medium', 5, 5, 'Morning', 'Moderate', 3487, 'Emily Dickinson')
    INTO Barista (BA_ID, BA_Nickname, BA_BeverageExpertise, BA_CertificationLevel, BA_TrainingComplete, BA_EducationLevel, BA_CustomerFeedbackScore, BA_SpeedOfService, BA_ShiftPreference, BA_InnovationContribution, E_ID, E_FullName)
    VALUES (5432, 'Mike', 'Coffee', 'Advanced', 'Yes', 'High', 5, 4, 'Flexible', 'High', 7614, 'Mike Tyler')
    INTO Barista (BA_ID, BA_Nickname, BA_BeverageExpertise, BA_CertificationLevel, BA_TrainingComplete, BA_EducationLevel, BA_CustomerFeedbackScore, BA_SpeedOfService, BA_ShiftPreference, BA_InnovationContribution, E_ID, E_FullName)
    VALUES (7689, 'Jenny', 'Tea', 'Beginner', 'Yes', 'Medium', 4, 3, 'Flexible', 'Moderate', 9035, 'Jenny Han')
SELECT 1 FROM DUAL;


--5 Manager DONE
INSERT ALL
    INTO Manager (MA_ID, MA_DisplayName, MA_ManagementLevel, MA_Department, MA_TeamSize, MA_AuthorityLevel, MA_StrategicGoals, MA_PerformanceRating, MA_BonusEligibility, MA_BudgetResponsibility, E_ID, E_FullName)
    VALUES (1234, 'Alice Lee', 'Senior Manager', 'Finance', 15, 'High', 'Increase ROI', 4, 'Yes', 100000, 1023, 'Alice Lee')
    INTO Manager (MA_ID, MA_DisplayName, MA_ManagementLevel, MA_Department, MA_TeamSize, MA_AuthorityLevel, MA_StrategicGoals, MA_PerformanceRating, MA_BonusEligibility, MA_BudgetResponsibility, E_ID, E_FullName)
    VALUES (6789, 'Bob Tan', 'Manager', 'Products', 10, 'Medium', 'Cybersecurity', 5, 'Yes', 75000, 4789, 'Bob Tan')
    INTO Manager (MA_ID, MA_DisplayName, MA_ManagementLevel, MA_Department, MA_TeamSize, MA_AuthorityLevel, MA_StrategicGoals, MA_PerformanceRating, MA_BonusEligibility, MA_BudgetResponsibility, E_ID, E_FullName)
    VALUES (9023, 'Cindy Ng', 'Team Leader', 'Marketing', 8, 'Low', 'Brand Awareness', 4, 'Yes', 90000, 2501, 'Cindy Ng')
    INTO Manager (MA_ID, MA_DisplayName, MA_ManagementLevel, MA_Department, MA_TeamSize, MA_AuthorityLevel, MA_StrategicGoals, MA_PerformanceRating, MA_BonusEligibility, MA_BudgetResponsibility, E_ID, E_FullName)
    VALUES (3451, 'David Lim', 'Director', 'Operations', 20, 'High', 'Process Optimization', 4, 'Yes', 120000, 6934, 'David Lim')
    INTO Manager (MA_ID, MA_DisplayName, MA_ManagementLevel, MA_Department, MA_TeamSize, MA_AuthorityLevel, MA_StrategicGoals, MA_PerformanceRating, MA_BonusEligibility, MA_BudgetResponsibility, E_ID, E_FullName)
    VALUES (7890, 'Emma Ong', 'Assistant Manager', 'HR', 5, 'Low', 'Employee Engagement', 5, 'Yes', 65000, 8172, 'Emma Ong')
    INTO Manager (MA_ID, MA_DisplayName, MA_ManagementLevel, MA_Department, MA_TeamSize, MA_AuthorityLevel, MA_StrategicGoals, MA_PerformanceRating, MA_BonusEligibility, MA_BudgetResponsibility, E_ID, E_FullName)
    VALUES (2145, 'Farah Aziz', 'Project Manager', 'Finance', 12, 'Medium', 'Product Innovation', 5, 'No', 80000, 5648, 'Farah Aziz')
    INTO Manager (MA_ID, MA_DisplayName, MA_ManagementLevel, MA_Department, MA_TeamSize, MA_AuthorityLevel, MA_StrategicGoals, MA_PerformanceRating, MA_BonusEligibility, MA_BudgetResponsibility, E_ID, E_FullName)
    VALUES (5678, 'Gabe Ong', 'Department Head', 'Sales', 18, 'High', 'Market Expansion', 4, 'No', 95000, 3290, 'Gabe Ong')
    INTO Manager (MA_ID, MA_DisplayName, MA_ManagementLevel, MA_Department, MA_TeamSize, MA_AuthorityLevel, MA_StrategicGoals, MA_PerformanceRating, MA_BonusEligibility, MA_BudgetResponsibility, E_ID, E_FullName)
    VALUES (8312, 'Hannah Tan', 'Supervisor', 'Customer Service', 6, 'Medium', 'Customer Satisfaction', 4, 'Yes', 70000, 7456, 'Hannah Tan')
    INTO Manager (MA_ID, MA_DisplayName, MA_ManagementLevel, MA_Department, MA_TeamSize, MA_AuthorityLevel, MA_StrategicGoals, MA_PerformanceRating, MA_BonusEligibility, MA_BudgetResponsibility, E_ID, E_FullName)
    VALUES (6490, 'Ivan Lee', 'Vice President', 'Corporate Affairs', 7, 'High', 'Compile', 5, 'Yes', 110000, 1984, 'Ivan Lee')
    INTO Manager (MA_ID, MA_DisplayName, MA_ManagementLevel, MA_Department, MA_TeamSize, MA_AuthorityLevel, MA_StrategicGoals, MA_PerformanceRating, MA_BonusEligibility, MA_BudgetResponsibility, E_ID, E_FullName)
    VALUES (9876, 'Jia Lin', 'Executive', 'Products', 10, 'High', 'Stakeholder Relations', 4, 'Yes', 95000, 6205, 'Jia Lin')
SELECT 1 FROM DUAL;



--6 LoyaltyProgram DONE
INSERT INTO LoyaltyProgram VALUES (5678, 'Elite Rewards', 'Gold', 5000, 'Discount', 'High', '15% off', 'High', '1.5 months', 'Fast', TO_DATE('2025-06-01', 'YYYY-MM-DD'));
INSERT INTO LoyaltyProgram VALUES (2345, 'Gold Points Club', 'Silver', 3000, 'Discount', 'Medium', '5% off', 'Medium', '2 weeks', 'Medium', TO_DATE('2025-07-01', 'YYYY-MM-DD'));
INSERT INTO LoyaltyProgram VALUES (7890, 'PerkPlus', 'Bronze', 1500, 'Coupon', 'Low', 'None', 'Low', 'None', 'Low', TO_DATE('2025-11-01', 'YYYY-MM-DD'));
INSERT INTO LoyaltyProgram VALUES (4567, 'Loyalty Legends', 'Gold', 2000, 'Coupon', 'High', 'None', 'Low', '1 week', 'Low', TO_DATE('2025-09-01', 'YYYY-MM-DD'));
INSERT INTO LoyaltyProgram VALUES (8901, 'Infinity Rewards', 'Silver', 1000, 'Coupon', 'Medium', 'None', 'Low', 'None', 'Low', TO_DATE('2025-12-01', 'YYYY-MM-DD'));
INSERT INTO LoyaltyProgram VALUES (3456, 'VIP Perks', 'Bronze', 3500, 'Discount', 'Low', '6% off', 'Medium', '3 weeks', 'Medium', TO_DATE('2025-10-01', 'YYYY-MM-DD'));
INSERT INTO LoyaltyProgram VALUES (6789, 'Prestige Club', 'Gold', 4000, 'Discount', 'High', '12% off', 'High', '1 month', 'Fast', TO_DATE('2025-06-01', 'YYYY-MM-DD'));
INSERT INTO LoyaltyProgram VALUES (9012, 'StarSaver', 'Silver', 5000, 'Discount', 'Medium', '15% off', 'High', '1.5 months', 'Fast', TO_DATE('2025-03-01', 'YYYY-MM-DD'));
INSERT INTO LoyaltyProgram VALUES (4321, 'Bonus Boost', 'Bronze', 2500, 'Coupon', 'Low', 'None', 'Low', '1 week', 'Medium', TO_DATE('2025-07-01', 'YYYY-MM-DD'));
INSERT INTO LoyaltyProgram VALUES (8765, 'Prime Loyalty', 'Gold', 3000, 'Discount', 'High', '5% off', 'Medium', '2 weeks', 'Medium', TO_DATE('2025-09-01', 'YYYY-MM-DD'));


--7 TrainingPrograms DONE
INSERT ALL
    INTO TrainingPrograms (TP_ID, TP_Name, TP_StartDate, TP_EndDate, TP_TrainerName, TP_Status, TP_TrainRank, TP_TrainContent, TP_TrainMethod, TP_TrainAppraisal)
    VALUES (5678, 'Order And Menu', TO_DATE('01/06/2024', 'DD/MM/YYYY'), TO_DATE('01/07/2024', 'DD/MM/YYYY'), 'Alice Lee', 'Completed', 8.5, 'Customer Relations', 'Offline', 85.0)
    INTO TrainingPrograms (TP_ID, TP_Name, TP_StartDate, TP_EndDate, TP_TrainerName, TP_Status, TP_TrainRank, TP_TrainContent, TP_TrainMethod, TP_TrainAppraisal)
    VALUES (2345, 'Sales Training', TO_DATE('01/07/2024', 'DD/MM/YYYY'), TO_DATE('01/08/2024', 'DD/MM/YYYY'), 'Bob Tan', 'Completed', 9.0, 'Sales Techniques', 'Online', 90.0)
    INTO TrainingPrograms (TP_ID, TP_Name, TP_StartDate, TP_EndDate, TP_TrainerName, TP_Status, TP_TrainRank, TP_TrainContent, TP_TrainMethod, TP_TrainAppraisal)
    VALUES (7890, 'Fundamentals', TO_DATE('01/08/2024', 'DD/MM/YYYY'), TO_DATE('01/09/2024', 'DD/MM/YYYY'), 'Cindy Ng', 'Completed', 7.5, 'Basic Skills', 'Hybrid', 80.0)
    INTO TrainingPrograms (TP_ID, TP_Name, TP_StartDate, TP_EndDate, TP_TrainerName, TP_Status, TP_TrainRank, TP_TrainContent, TP_TrainMethod, TP_TrainAppraisal)
    VALUES (4567, 'Team Building', TO_DATE('01/09/2024', 'DD/MM/YYYY'), TO_DATE('01/10/2024', 'DD/MM/YYYY'), 'David Lim', 'Completed', 8.0, 'Team Dynamics', 'Offline', 85.0)
    INTO TrainingPrograms (TP_ID, TP_Name, TP_StartDate, TP_EndDate, TP_TrainerName, TP_Status, TP_TrainRank, TP_TrainContent, TP_TrainMethod, TP_TrainAppraisal)
    VALUES (8901, 'Project Management', TO_DATE('01/10/2024', 'DD/MM/YYYY'), TO_DATE('01/11/2024', 'DD/MM/YYYY'), 'Emma Ong', 'Completed', 9.5, 'Project Planning', 'Hybrid', 95.0)
    INTO TrainingPrograms (TP_ID, TP_Name, TP_StartDate, TP_EndDate, TP_TrainerName, TP_Status, TP_TrainRank, TP_TrainContent, TP_TrainMethod, TP_TrainAppraisal)
    VALUES (3456, 'Financial Literacy', TO_DATE('01/11/2024', 'DD/MM/YYYY'), TO_DATE('01/12/2024', 'DD/MM/YYYY'), 'Farah Aziz', 'Completed', 8.2, 'Finance Basics', 'Online', 82.5)
    INTO TrainingPrograms (TP_ID, TP_Name, TP_StartDate, TP_EndDate, TP_TrainerName, TP_Status, TP_TrainRank, TP_TrainContent, TP_TrainMethod, TP_TrainAppraisal)
    VALUES (6789, 'Service Skills', TO_DATE('01/12/2024', 'DD/MM/YYYY'), TO_DATE('01/01/2025', 'DD/MM/YYYY'), 'Gabe Ong', 'Completed', 8.8, 'Safety Protocols', 'Offline', 88.0)
    INTO TrainingPrograms (TP_ID, TP_Name, TP_StartDate, TP_EndDate, TP_TrainerName, TP_Status, TP_TrainRank, TP_TrainContent, TP_TrainMethod, TP_TrainAppraisal)
    VALUES (9012, 'Leadership Skills', TO_DATE('01/01/2025', 'DD/MM/YYYY'), TO_DATE('01/02/2025', 'DD/MM/YYYY'), 'Hannah Tan', 'Planned', 9.0, 'Leadership Strategies', 'Hybrid', 92.0)
    INTO TrainingPrograms (TP_ID, TP_Name, TP_StartDate, TP_EndDate, TP_TrainerName, TP_Status, TP_TrainRank, TP_TrainContent, TP_TrainMethod, TP_TrainAppraisal)
    VALUES (4321, 'Marketing Strategies', TO_DATE('01/02/2025', 'DD/MM/YYYY'), TO_DATE('01/03/2025', 'DD/MM/YYYY'), 'Ivan Lee', 'Planned', 7.9, 'Marketing Campaigns', 'Online', 79.0)
    INTO TrainingPrograms (TP_ID, TP_Name, TP_StartDate, TP_EndDate, TP_TrainerName, TP_Status, TP_TrainRank, TP_TrainContent, TP_TrainMethod, TP_TrainAppraisal)
    VALUES (8765, 'Communication Skills', TO_DATE('01/03/2025', 'DD/MM/YYYY'), TO_DATE('01/04/2025', 'DD/MM/YYYY'), 'Jia Lin', 'Planned', 8.6, 'Effective Communication', 'Offline', 86.0)
SELECT 1 FROM DUAL;



--8 EmployePerformance
INSERT ALL
    INTO EmployeePerformance (EP_ID, EP_Date, EP_Rating, EP_Reviewer, EP_Comments, EP_CustomerFeedback, EP_AreasForImprovement, EP_PromotionEligibility, EP_ServiceQuality, EP_PersonalGoals, E_ID, E_FULLNAME, TP_ID, TP_NAME)
    VALUES (5678, TO_DATE('01/02/2024', 'DD/MM/YYYY'), 4.5, 'John Doe', 'Excellent', 'Positive', 'Time Management', 'Yes', 90, 'Improve efficiency', 1023, 'Alice Lee', 5678, 'Order And Menu')
    INTO EmployeePerformance (EP_ID, EP_Date, EP_Rating, EP_Reviewer, EP_Comments, EP_CustomerFeedback, EP_AreasForImprovement, EP_PromotionEligibility, EP_ServiceQuality, EP_PersonalGoals, E_ID, E_FULLNAME, TP_ID, TP_NAME)
    VALUES (2345, TO_DATE('01/04/2024', 'DD/MM/YYYY'), 3.8, 'Jane Smith', 'Good', 'Neutral', 'Sales Techniques', 'No', 75, 'Increase sales', 4789, 'Bob Tan', 2345, 'Sales Training')
    INTO EmployeePerformance (EP_ID, EP_Date, EP_Rating, EP_Reviewer, EP_Comments, EP_CustomerFeedback, EP_AreasForImprovement, EP_PromotionEligibility, EP_ServiceQuality, EP_PersonalGoals, E_ID, E_FULLNAME, TP_ID, TP_NAME)
    VALUES (7890, TO_DATE('01/03/2024', 'DD/MM/YYYY'), 4.2, 'Alice Johnson', 'Excellent', 'Positive', 'Product Knowledge', 'Yes', 85, 'Become team leader', 2501, 'Cindy Ng', 7890, 'Fundamentals')
    INTO EmployeePerformance (EP_ID, EP_Date, EP_Rating, EP_Reviewer, EP_Comments, EP_CustomerFeedback, EP_AreasForImprovement, EP_PromotionEligibility, EP_ServiceQuality, EP_PersonalGoals, E_ID, E_FULLNAME, TP_ID, TP_NAME)
    VALUES (4567, TO_DATE('01/07/2024', 'DD/MM/YYYY'), 3.5, 'Bob Brown', 'Medium', 'Mixed', 'Initiative', 'No', 70, 'Develop leadership skills', 6934, 'David Lim', 4567, 'Team Building')
    INTO EmployeePerformance (EP_ID, EP_Date, EP_Rating, EP_Reviewer, EP_Comments, EP_CustomerFeedback, EP_AreasForImprovement, EP_PromotionEligibility, EP_ServiceQuality, EP_PersonalGoals, E_ID, E_FULLNAME, TP_ID, TP_NAME)
    VALUES (8901, TO_DATE('01/05/2024', 'DD/MM/YYYY'), 4.8, 'Carol White', 'Excellent', 'Positive', 'None', 'Yes', 100, 'Lead a new project', 8172, 'Emma Ong', 8901, 'Project Management')
    INTO EmployeePerformance (EP_ID, EP_Date, EP_Rating, EP_Reviewer, EP_Comments, EP_CustomerFeedback, EP_AreasForImprovement, EP_PromotionEligibility, EP_ServiceQuality, EP_PersonalGoals, E_ID, E_FULLNAME, TP_ID, TP_NAME)
    VALUES (3456, TO_DATE('01/06/2024', 'DD/MM/YYYY'), 4.0, 'David Lee', 'Good', 'Neutral', 'Detail Orientation', 'Yes', 80, 'Increase financial literacy', 5648, 'Farah Aziz', 3456, 'Financial Literacy')
    INTO EmployeePerformance (EP_ID, EP_Date, EP_Rating, EP_Reviewer, EP_Comments, EP_CustomerFeedback, EP_AreasForImprovement, EP_PromotionEligibility, EP_ServiceQuality, EP_PersonalGoals, E_ID, E_FULLNAME, TP_ID, TP_NAME)
    VALUES (6789, TO_DATE('01/08/2024', 'DD/MM/YYYY'), 3.9, 'Emily David', 'Good', 'Neutral', 'Team Collaboration', 'No', 78, 'Improve teamwork skills', 3290, 'Gabe Ong', 6789, 'Service Skills')
    INTO EmployeePerformance (EP_ID, EP_Date, EP_Rating, EP_Reviewer, EP_Comments, EP_CustomerFeedback, EP_AreasForImprovement, EP_PromotionEligibility, EP_ServiceQuality, EP_PersonalGoals, E_ID, E_FULLNAME, TP_ID, TP_NAME)
    VALUES (9012, TO_DATE('01/09/2024', 'DD/MM/YYYY'), 4.1, 'Frank Martin', 'Excellent', 'Positive', 'Leadership', 'Yes', 82, 'Manage a new department', 7456, 'Hannah Tan', 9012, 'Leadership Skills')
    INTO EmployeePerformance (EP_ID, EP_Date, EP_Rating, EP_Reviewer, EP_Comments, EP_CustomerFeedback, EP_AreasForImprovement, EP_PromotionEligibility, EP_ServiceQuality, EP_PersonalGoals, E_ID, E_FULLNAME, TP_ID, TP_NAME)
    VALUES (4321, TO_DATE('01/01/2024', 'DD/MM/YYYY'), 3.7, 'Gina Rodrigues', 'Good', 'Neutral', 'Customer Service', 'No', 72, 'Handle complaints better', 1984, 'Ivan Lee', 4321, 'Marketing Strategies')
    INTO EmployeePerformance (EP_ID, EP_Date, EP_Rating, EP_Reviewer, EP_Comments, EP_CustomerFeedback, EP_AreasForImprovement, EP_PromotionEligibility, EP_ServiceQuality, EP_PersonalGoals, E_ID, E_FULLNAME, TP_ID, TP_NAME)
    VALUES (8765, TO_DATE('01/10/2024', 'DD/MM/YYYY'), 4.4, 'Harry Kim', 'Excellent', 'Positive', 'Proactive Thinking', 'Yes', 88, 'Enhance communication skills', 6205, 'Jia Lin', 8765, 'Communication Skills')
SELECT 1 FROM DUAL;


--9 Branch DONE
INSERT ALL
    INTO Branch (B_ID, B_Name, B_Address, B_City, B_State, B_Zipcode, B_PhoneNumber, B_OperationHours, B_OpeningDate, B_Manager) 
    VALUES (5678, 'KL', 'KL Address', 'KL', 'Selangor', 50100, '01200973983', 'Daily 6am-4am', TO_DATE('01/02/2020', 'DD/MM/YYYY'), 'Alice Johnson')
    INTO Branch (B_ID, B_Name, B_Address, B_City, B_State, B_Zipcode, B_PhoneNumber, B_OperationHours, B_OpeningDate, B_Manager) 
    VALUES (2345, 'Ipoh', 'Ipoh Address', 'Ipoh', 'Perak', 30100, '01409823985', 'Daily 6am-4am', TO_DATE('01/03/2023', 'DD/MM/YYYY'), 'Bob Lee')
    INTO Branch (B_ID, B_Name, B_Address, B_City, B_State, B_Zipcode, B_PhoneNumber, B_OperationHours, B_OpeningDate, B_Manager) 
    VALUES (7890, 'KL', 'KL Address', 'KL', 'Selangor', 501001, '01527983792', 'Daily 6am-4am', TO_DATE('01/06/2021', 'DD/MM/YYYY'), 'Cindy Ng')
    INTO Branch (B_ID, B_Name, B_Address, B_City, B_State, B_Zipcode, B_PhoneNumber, B_OperationHours, B_OpeningDate, B_Manager) 
    VALUES (4567, 'KL', 'KL Address', 'KL', 'Selangor', 501013, '01479433245', 'Daily 6am-4am', TO_DATE('01/11/2020', 'DD/MM/YYYY'), 'David Lim')
    INTO Branch (B_ID, B_Name, B_Address, B_City, B_State, B_Zipcode, B_PhoneNumber, B_OperationHours, B_OpeningDate, B_Manager) 
    VALUES (8901, 'Putrajaya', 'Putrajaya Address', 'Putrajaya', 'Selangor', 610110, '01466372736', 'Daily 6am-4am', TO_DATE('01/06/2023', 'DD/MM/YYYY'), 'Emma Ong')
    INTO Branch (B_ID, B_Name, B_Address, B_City, B_State, B_Zipcode, B_PhoneNumber, B_OperationHours, B_OpeningDate, B_Manager) 
    VALUES (3456, 'KL', 'KL Address', 'KL', 'Selangor', 501059, '01137438293', 'Daily 6am-4am', TO_DATE('01/12/2022', 'DD/MM/YYYY'), 'Farah Aziz')
    INTO Branch (B_ID, B_Name, B_Address, B_City, B_State, B_Zipcode, B_PhoneNumber, B_OperationHours, B_OpeningDate, B_Manager) 
    VALUES (6789, 'Putrajaya', 'Putrajaya Address', 'Putrajaya', 'Selangor', 610012, '013698264927', 'Daily 6am-4am', TO_DATE('01/09/2021', 'DD/MM/YYYY'), 'Gabe Ong')
    INTO Branch (B_ID, B_Name, B_Address, B_City, B_State, B_Zipcode, B_PhoneNumber, B_OperationHours, B_OpeningDate, B_Manager) 
    VALUES (9012, 'KL', 'KL Address', 'KL', 'Selangor', 501038, '01243962504', 'Daily 6am-4am', TO_DATE('01/10/2024', 'DD/MM/YYYY'), 'Hannah Tan')
    INTO Branch (B_ID, B_Name, B_Address, B_City, B_State, B_Zipcode, B_PhoneNumber, B_OperationHours, B_OpeningDate, B_Manager) 
    VALUES (4321, 'Ipoh', 'Ipoh Address', 'Ipoh', 'Perak', 301034, '01029643393', 'Daily 6am-4am', TO_DATE('01/03/2023', 'DD/MM/YYYY'), 'Ivan Lee')
    INTO Branch (B_ID, B_Name, B_Address, B_City, B_State, B_Zipcode, B_PhoneNumber, B_OperationHours, B_OpeningDate, B_Manager) 
    VALUES (8765, 'KL', 'KL Address', 'KL', 'Selangor', 501029, '01422042973', 'Daily 6am-4am', TO_DATE('01/07/2021', 'DD/MM/YYYY'), 'Jia Lin')
SELECT 1 FROM DUAL;


--10 Supplier DONE
INSERT INTO Supplier VALUES (5678, 'Sweet Treats Inc.', 'KL', '01493924873', 'info@sweettreats.com', 'Food', 'John Doe', 4.8, TO_DATE('2020-02-01', 'YYYY-MM-DD'), TO_DATE('2023-03-01', 'YYYY-MM-DD'));
INSERT INTO Supplier VALUES (2345, 'Refreshing Drinks Ltd', 'Ipoh', '01809283827', 'sales@refreshing.com', 'Beverage', 'Jane Smith', 4.6, TO_DATE('2023-06-01', 'YYYY-MM-DD'), TO_DATE('2024-08-01', 'YYYY-MM-DD'));
INSERT INTO Supplier VALUES (7890, 'Cozy Coffee Roasters', 'KL', '01193829847', 'contract@cozycoffee.com', 'Beverage', 'Alice Johnson', 4.9, TO_DATE('2021-03-01', 'YYYY-MM-DD'), TO_DATE('2023-11-01', 'YYYY-MM-DD'));
INSERT INTO Supplier VALUES (4567, 'Natural Sweets', 'KL', '01087340922', 'info@naturalsweets.com', 'Food', 'Bob Brown', 4.7, TO_DATE('2020-08-01', 'YYYY-MM-DD'), TO_DATE('2024-12-01', 'YYYY-MM-DD'));
INSERT INTO Supplier VALUES (8901, 'Frozen Delights Corp', 'Ipoh', '01603393892', 'sales@frozendelights.com', 'Food', 'Carol White', 4.5, TO_DATE('2024-01-01', 'YYYY-MM-DD'), TO_DATE('2024-09-01', 'YYYY-MM-DD'));
INSERT INTO Supplier VALUES (3456, 'Artisanal Teas', 'Ipoh', '0193921053', 'contract@artisanal.com', 'Beverage', 'David Lee', 4.4, TO_DATE('2022-09-01', 'YYYY-MM-DD'), TO_DATE('2024-08-01', 'YYYY-MM-DD'));
INSERT INTO Supplier VALUES (6789, 'Organic Ingredients', 'KL', '0198841053', 'info@organicingred.com', 'Food', 'Emily Davis', 4.3, TO_DATE('2021-10-01', 'YYYY-MM-DD'), TO_DATE('2023-01-01', 'YYYY-MM-DD'));
INSERT INTO Supplier VALUES (9012, 'Exotic Flavors', 'KL', '01032898734', 'sales@exoticflavors.com', 'Food', 'Frank Martin', 4.2, TO_DATE('2022-05-01', 'YYYY-MM-DD'), TO_DATE('2023-04-01', 'YYYY-MM-DD'));
INSERT INTO Supplier VALUES (4321, 'Classic Confections', 'Ipoh', '01608299375', 'contact@classic.com', 'Food', 'Gina Rodriguez', 4.1, TO_DATE('2019-12-01', 'YYYY-MM-DD'), TO_DATE('2024-07-01', 'YYYY-MM-DD'));
INSERT INTO Supplier VALUES (8765, 'Smoothie Mix Co.', 'KL', '01193572987', 'info@smoothiemix.com', 'Beverage', 'Harry Kim', 4.0, TO_DATE('2021-04-01', 'YYYY-MM-DD'), TO_DATE('2022-05-01', 'YYYY-MM-DD'));
INSERT INTO Supplier (S_ID, S_Name, S_Email, S_Address, S_PhoneNumber, S_SupplyType, S_ContactPerson, S_Rating, S_ContractStartDate, S_ContractEndDate) 
VALUES (1122, 'Pure Pastries Bakery', 'purepastries.bakery@gmail.com', 'Ipoh', '01024836472', 'Equipment', 'John Doe', 4.8, TO_DATE('01/02/2020', 'DD/MM/YYYY'), TO_DATE('01/03/2023', 'DD/MM/YYYY'));
INSERT INTO Supplier (S_ID, S_Name, S_Email, S_Address, S_PhoneNumber, S_SupplyType, S_ContactPerson, S_Rating, S_ContractStartDate, S_ContractEndDate) 
VALUES (3344, 'Choco Bliss Enterprises', 'chocobliss.enterprise@yahoo.com', 'KL', '01943829471', 'Others', 'Jane Smith', 4.6, TO_DATE('01/06/2023', 'DD/MM/YYYY'), TO_DATE('01/08/2024', 'DD/MM/YYYY'));
INSERT INTO Supplier (S_ID, S_Name, S_Email, S_Address, S_PhoneNumber, S_SupplyType, S_ContactPerson, S_Rating, S_ContractStartDate, S_ContractEndDate) 
VALUES (5566, 'Fresh Brew Creations', 'freshbrew.creations@hotmail.com', 'Ipoh', '01183725638', 'Food', 'Alice Johnson', 4.9, TO_DATE('01/03/2021', 'DD/MM/YYYY'), TO_DATE('01/11/2023', 'DD/MM/YYYY'));
INSERT INTO Supplier (S_ID, S_Name, S_Email, S_Address, S_PhoneNumber, S_SupplyType, S_ContactPerson, S_Rating, S_ContractStartDate, S_ContractEndDate) 
VALUES (7788, 'Wholesome Delights', 'wholesomedelights@outlook.com', 'KL', '01632918472', 'Beverage', 'Bob Brown', 4.7, TO_DATE('01/08/2020', 'DD/MM/YYYY'), TO_DATE('01/12/2024', 'DD/MM/YYYY'));
INSERT INTO Supplier (S_ID, S_Name, S_Email, S_Address, S_PhoneNumber, S_SupplyType, S_ContactPerson, S_Rating, S_ContractStartDate, S_ContractEndDate) 
VALUES (9900, 'Dreamy Desserts Ltd', 'dreamy.desserts@aol.com', 'Ipoh', '01076351928', 'Equipment', 'Carol White', 4.5, TO_DATE('01/01/2024', 'DD/MM/YYYY'), TO_DATE('01/09/2024', 'DD/MM/YYYY'));
INSERT INTO Supplier (S_ID, S_Name, S_Email, S_Address, S_PhoneNumber, S_SupplyType, S_ContactPerson, S_Rating, S_ContractStartDate, S_ContractEndDate) 
VALUES (1011, 'The Tea House Co.', 'theteahouseco@live.com', 'KL', '01849208456', 'Others', 'David Lee', 4.4, TO_DATE('01/09/2022', 'DD/MM/YYYY'), TO_DATE('01/08/2024', 'DD/MM/YYYY'));
INSERT INTO Supplier (S_ID, S_Name, S_Email, S_Address, S_PhoneNumber, S_SupplyType, S_ContactPerson, S_Rating, S_ContractStartDate, S_ContractEndDate) 
VALUES (2233, 'Heavenly Beverages Inc.', 'heavenly.beverages@gmail.com', 'Ipoh', '01619382054', 'Food', 'Emily Davis', 4.3, TO_DATE('01/10/2021', 'DD/MM/YYYY'), TO_DATE('01/01/2023', 'DD/MM/YYYY'));
INSERT INTO Supplier (S_ID, S_Name, S_Email, S_Address, S_PhoneNumber, S_SupplyType, S_ContactPerson, S_Rating, S_ContractStartDate, S_ContractEndDate) 
VALUES (4455, 'Tropical Tastes Ltd', 'tropical.tastes@yahoo.com', 'KL', '01183745602', 'Beverage', 'Frank Martin', 4.2, TO_DATE('01/05/2022', 'DD/MM/YYYY'), TO_DATE('01/04/2023', 'DD/MM/YYYY'));
INSERT INTO Supplier (S_ID, S_Name, S_Email, S_Address, S_PhoneNumber, S_SupplyType, S_ContactPerson, S_Rating, S_ContractStartDate, S_ContractEndDate) 
VALUES (6677, 'Gourmet Snacks Co.', 'gourmetsnacks@outlook.com', 'KL', '01987240924', 'Equipment', 'Gina Rodriguez', 4.1, TO_DATE('01/12/2019', 'DD/MM/YYYY'), TO_DATE('01/07/2024', 'DD/MM/YYYY'));

--11 Inventory
INSERT ALL
    INTO Inventory (I_ID, I_Name, I_Quantity, I_UnitPrice, I_RestockLevel, I_RestockDate, I_ExpiryDate, I_StorageLocation, I_Notes, B_ID, B_NAME)
    VALUES (5678, 'Green Tea Leaves', 50, 100.00, 20, TO_DATE('01/06/2024', 'DD/MM/YYYY'), TO_DATE('01/05/2025', 'DD/MM/YYYY'), 'Shelf 1', 'New Arrived', 5678, 'KL')
    INTO Inventory (I_ID, I_Name, I_Quantity, I_UnitPrice, I_RestockLevel, I_RestockDate, I_ExpiryDate, I_StorageLocation, I_Notes, B_ID, B_NAME)
    VALUES (2345, 'Milk Powder', 30, 150.00, 10, TO_DATE('01/05/2024', 'DD/MM/YYYY'), TO_DATE('01/07/2025', 'DD/MM/YYYY'), 'Shelf 2', 'None', 2345, 'Ipoh')
    INTO Inventory (I_ID, I_Name, I_Quantity, I_UnitPrice, I_RestockLevel, I_RestockDate, I_ExpiryDate, I_StorageLocation, I_Notes, B_ID, B_NAME)
    VALUES (7890, 'Sugar', 25, 75.00, 10, TO_DATE('01/03/2024', 'DD/MM/YYYY'), TO_DATE('01/03/2025', 'DD/MM/YYYY'), 'Bulk Storage', 'None', 7890, 'KL')
    INTO Inventory (I_ID, I_Name, I_Quantity, I_UnitPrice, I_RestockLevel, I_RestockDate, I_ExpiryDate, I_StorageLocation, I_Notes, B_ID, B_NAME)
    VALUES (4567, 'Chocolate Syrup', 20, 80.00, 8, TO_DATE('01/05/2024', 'DD/MM/YYYY'), TO_DATE('01/07/2025', 'DD/MM/YYYY'), 'Shelf 3', 'None', 4567, 'KL')
    INTO Inventory (I_ID, I_Name, I_Quantity, I_UnitPrice, I_RestockLevel, I_RestockDate, I_ExpiryDate, I_StorageLocation, I_Notes, B_ID, B_NAME)
    VALUES (8901, 'Whipped Cream', 15, 90.00, 6, TO_DATE('01/07/2024', 'DD/MM/YYYY'), TO_DATE('01/05/2025', 'DD/MM/YYYY'), 'Cold Storage', 'Check Expiry Date', 8901, 'Putrajaya')
    INTO Inventory (I_ID, I_Name, I_Quantity, I_UnitPrice, I_RestockLevel, I_RestockDate, I_ExpiryDate, I_StorageLocation, I_Notes, B_ID, B_NAME)
    VALUES (3456, 'Strawberries', 10, 200.00, 4, TO_DATE('01/08/2024', 'DD/MM/YYYY'), TO_DATE('01/03/2025', 'DD/MM/YYYY'), 'Fruit Storage', 'None', 3456, 'KL')
    INTO Inventory (I_ID, I_Name, I_Quantity, I_UnitPrice, I_RestockLevel, I_RestockDate, I_ExpiryDate, I_StorageLocation, I_Notes, B_ID, B_NAME)
    VALUES (6789, 'Vanilla Extract', 12, 96.00, 4, TO_DATE('01/09/2024', 'DD/MM/YYYY'), TO_DATE('01/09/2025', 'DD/MM/YYYY'), 'Shelf 4', 'None', 6789, 'Putrajaya')
    INTO Inventory (I_ID, I_Name, I_Quantity, I_UnitPrice, I_RestockLevel, I_RestockDate, I_ExpiryDate, I_StorageLocation, I_Notes, B_ID, B_NAME)
    VALUES (9012, 'Coffee Beans', 40, 280.00, 15, TO_DATE('01/10/2024', 'DD/MM/YYYY'), TO_DATE('01/11/2025', 'DD/MM/YYYY'), 'Bulk Storage', 'None', 9012, 'KL')
    INTO Inventory (I_ID, I_Name, I_Quantity, I_UnitPrice, I_RestockLevel, I_RestockDate, I_ExpiryDate, I_StorageLocation, I_Notes, B_ID, B_NAME)
    VALUES (4321, 'Coconut Milk Powder', 35, 192.50, 12, TO_DATE('01/02/2024', 'DD/MM/YYYY'), TO_DATE('01/12/2025', 'DD/MM/YYYY'), 'Shelf 5', 'None', 4321, 'Ipoh')
    INTO Inventory (I_ID, I_Name, I_Quantity, I_UnitPrice, I_RestockLevel, I_RestockDate, I_ExpiryDate, I_StorageLocation, I_Notes, B_ID, B_NAME)
    VALUES (8765, 'Mango Pulp', 5, 125.00, 2, TO_DATE('01/05/2024', 'DD/MM/YYYY'), TO_DATE('01/01/2025', 'DD/MM/YYYY'), 'Cold Storage', 'None', 8765, 'KL')
SELECT 1 FROM DUAL;


--12 Assets
INSERT ALL
    INTO Assets (A_ID, A_Name, A_Type, A_Brand, A_Model, A_PurchaseDate, A_WarrantyExpiry, A_Status, A_Location, A_DepreciationValue, S_ID, S_NAME) 
    VALUES (5678, 'Espresso Machine 1', 'Equipment', 'La Marzocco', 'Linea PB', TO_DATE('01/06/2023', 'DD/MM/YYYY'), TO_DATE('01/06/2026', 'DD/MM/YYYY'), 'Active', 'ZUS Coffee HQ', 1500.00, 5678, 'Sweet Treats Inc.')
    INTO Assets (A_ID, A_Name, A_Type, A_Brand, A_Model, A_PurchaseDate, A_WarrantyExpiry, A_Status, A_Location, A_DepreciationValue, S_ID, S_NAME) 
    VALUES (2345, 'Coffee Grinder A', 'Equipment', 'Mazzer', 'Super Jolly', TO_DATE('15/07/2022', 'DD/MM/YYYY'), TO_DATE('15/07/2025', 'DD/MM/YYYY'), 'Active', 'Outlet KLCC', 950.50, 2345, 'Refreshing Drinks Ltd')
    INTO Assets (A_ID, A_Name, A_Type, A_Brand, A_Model, A_PurchaseDate, A_WarrantyExpiry, A_Status, A_Location, A_DepreciationValue, S_ID, S_NAME) 
    VALUES (7890, 'POS System Main', 'Technology', 'Square', 'Register Pro', TO_DATE('10/09/2021', 'DD/MM/YYYY'), TO_DATE('10/09/2024', 'DD/MM/YYYY'), 'Under Repair', 'Outlet Mid Valley', 1200.75, 7890, 'Cozy Coffee Roasters')
    INTO Assets (A_ID, A_Name, A_Type, A_Brand, A_Model, A_PurchaseDate, A_WarrantyExpiry, A_Status, A_Location, A_DepreciationValue, S_ID, S_NAME) 
    VALUES (4567, 'Milk Frother 1', 'Equipment', 'Breville', 'BMF600XL', TO_DATE('05/12/2023', 'DD/MM/YYYY'), TO_DATE('05/12/2026', 'DD/MM/YYYY'), 'Active', 'Outlet Sunway', 500.25, 4567, 'Natural Sweets')
    INTO Assets (A_ID, A_Name, A_Type, A_Brand, A_Model, A_PurchaseDate, A_WarrantyExpiry, A_Status, A_Location, A_DepreciationValue, S_ID, S_NAME) 
    VALUES (8901, 'Ice Maker Large', 'Appliance', 'Hoshizaki', 'KM-901MAJ', TO_DATE('22/03/2022', 'DD/MM/YYYY'), TO_DATE('22/03/2025', 'DD/MM/YYYY'), 'Active', 'Outlet Pavilion', 1800.00, 8901, 'Frozen Delights Corp')
    INTO Assets (A_ID, A_Name, A_Type, A_Brand, A_Model, A_PurchaseDate, A_WarrantyExpiry, A_Status, A_Location, A_DepreciationValue, S_ID, S_NAME) 
    VALUES (3456, 'Cash Drawer A', 'Furniture', 'APG', 'Vasario 1616', TO_DATE('30/11/2020', 'DD/MM/YYYY'), TO_DATE('30/11/2023', 'DD/MM/YYYY'), 'Expired', 'Outlet Bangsar', 300.00, 3456, 'Artisanal Teas')
    INTO Assets (A_ID, A_Name, A_Type, A_Brand, A_Model, A_PurchaseDate, A_WarrantyExpiry, A_Status, A_Location, A_DepreciationValue, S_ID, S_NAME) 
    VALUES (6789, 'Water Filter Unit', 'Equipment', 'Everpure', 'EV961250', TO_DATE('18/08/2023', 'DD/MM/YYYY'), TO_DATE('18/08/2026', 'DD/MM/YYYY'), 'Active', 'Outlet IOI City', 700.80, 6789, 'Organic Ingredients')
    INTO Assets (A_ID, A_Name, A_Type, A_Brand, A_Model, A_PurchaseDate, A_WarrantyExpiry, A_Status, A_Location, A_DepreciationValue, S_ID, S_NAME) 
    VALUES (9012, 'Blender Smoothie 1', 'Equipment', 'Vitamix', 'Quiet One', TO_DATE('12/05/2021', 'DD/MM/YYYY'), TO_DATE('12/05/2024', 'DD/MM/YYYY'), 'Under Repair', 'Outlet One Utama', 950.99, 9012, 'Exotic Flavors')
    INTO Assets (A_ID, A_Name, A_Type, A_Brand, A_Model, A_PurchaseDate, A_WarrantyExpiry, A_Status, A_Location, A_DepreciationValue, S_ID, S_NAME) 
    VALUES (4321, 'Refrigerated Display', 'Appliance', 'True', 'GDM-49-HC', TO_DATE('07/04/2023', 'DD/MM/YYYY'), TO_DATE('07/04/2026', 'DD/MM/YYYY'), 'Active', 'Outlet Bukit Bintang', 2100.45, 4321, 'Classic Confections')
    INTO Assets (A_ID, A_Name, A_Type, A_Brand, A_Model, A_PurchaseDate, A_WarrantyExpiry, A_Status, A_Location, A_DepreciationValue, S_ID, S_NAME) 
    VALUES (8765, 'Delivery Scooter 1', 'Vehicle', 'Honda', 'EX5 Dream', TO_DATE('20/01/2023', 'DD/MM/YYYY'), TO_DATE('20/01/2025', 'DD/MM/YYYY'), 'In Use', 'Logistics Center', 2500.00, 8765, 'Smoothie Mix Co.')
SELECT 1 FROM DUAL;


--13 MachineMaintenance
INSERT ALL
    INTO MachineMaintenance (MM_ID, MM_MachineType, MM_MachineID, MM_LastMaintenanceDate, MM_NextMaintenanceDate, MM_Status, MM_TechnicianName, MM_TechnicianContact, MM_RepairCost, MM_IssueDescription, B_ID, B_NAME, S_ID, S_NAME)
    VALUES (5678, 'Espresso Machine', 23947, TO_DATE('01/05/2024', 'DD/MM/YYYY'), TO_DATE('01/05/2025', 'DD/MM/YYYY'), 'Operational', 'John Doe', '01284933904', 100.00, 'Normal Operation', 5678, 'KL', 5678, 'Sweet Treats Inc.')
    INTO MachineMaintenance (MM_ID, MM_MachineType, MM_MachineID, MM_LastMaintenanceDate, MM_NextMaintenanceDate, MM_Status, MM_TechnicianName, MM_TechnicianContact, MM_RepairCost, MM_IssueDescription, B_ID, B_NAME, S_ID, S_NAME)
    VALUES (2345, 'Smoothie Blender', 230948, TO_DATE('01/05/2024', 'DD/MM/YYYY'), TO_DATE('01/05/2025', 'DD/MM/YYYY'), 'Operational', 'Jane Smith', '01113490293', 250.00, 'Motor overheating', 2345, 'Ipoh', 2345, 'Refreshing Drinks Ltd')
    INTO MachineMaintenance (MM_ID, MM_MachineType, MM_MachineID, MM_LastMaintenanceDate, MM_NextMaintenanceDate, MM_Status, MM_TechnicianName, MM_TechnicianContact, MM_RepairCost, MM_IssueDescription, B_ID, B_NAME, S_ID, S_NAME)
    VALUES (7890, 'Juicer', 92374, TO_DATE('01/05/2024', 'DD/MM/YYYY'), TO_DATE('01/05/2025', 'DD/MM/YYYY'), 'Operational', 'Alice Lee', '01084394420', 159.00, 'Normal Operation', 7890, 'KL', 7890, 'Cozy Coffee Roasters')
    INTO MachineMaintenance (MM_ID, MM_MachineType, MM_MachineID, MM_LastMaintenanceDate, MM_NextMaintenanceDate, MM_Status, MM_TechnicianName, MM_TechnicianContact, MM_RepairCost, MM_IssueDescription, B_ID, B_NAME, S_ID, S_NAME)
    VALUES (4567, 'Ice Cream Maker', 192373, TO_DATE('01/05/2024', 'DD/MM/YYYY'), TO_DATE('01/05/2025', 'DD/MM/YYYY'), 'Operational', 'Bob Tan', '01583092298', 300.00, 'Normal Operation', 4567, 'KL', 4567, 'Natural Sweets')
    INTO MachineMaintenance (MM_ID, MM_MachineType, MM_MachineID, MM_LastMaintenanceDate, MM_NextMaintenanceDate, MM_Status, MM_TechnicianName, MM_TechnicianContact, MM_RepairCost, MM_IssueDescription, B_ID, B_NAME, S_ID, S_NAME)
    VALUES (8901, 'Coffee Grinder', 5764392, TO_DATE('01/05/2024', 'DD/MM/YYYY'), TO_DATE('01/05/2025', 'DD/MM/YYYY'), 'Operational', 'Cindy Ng', '01628093784', 150.00, 'Grind inconsistency', 8901, 'Putrajaya', 8901, 'Frozen Delights Corp')
    INTO MachineMaintenance (MM_ID, MM_MachineType, MM_MachineID, MM_LastMaintenanceDate, MM_NextMaintenanceDate, MM_Status, MM_TechnicianName, MM_TechnicianContact, MM_RepairCost, MM_IssueDescription, B_ID, B_NAME, S_ID, S_NAME)
    VALUES (3456, 'Milk Shaker', 485634, TO_DATE('01/05/2024', 'DD/MM/YYYY'), TO_DATE('01/05/2025', 'DD/MM/YYYY'), 'Operational', 'David Lim', '01143982637', 200.00, 'Normal Operation', 3456, 'KL', 3456, 'Artisanal Teas')
    INTO MachineMaintenance (MM_ID, MM_MachineType, MM_MachineID, MM_LastMaintenanceDate, MM_NextMaintenanceDate, MM_Status, MM_TechnicianName, MM_TechnicianContact, MM_RepairCost, MM_IssueDescription, B_ID, B_NAME, S_ID, S_NAME)
    VALUES (6789, 'Soda Dispenser', 329456, TO_DATE('01/05/2024', 'DD/MM/YYYY'), TO_DATE('01/05/2025', 'DD/MM/YYYY'), 'Operational', 'Emma Ong', '01937287923', 146.00, 'Normal Operation', 6789, 'Putrajaya', 6789, 'Organic Ingredients')
    INTO MachineMaintenance (MM_ID, MM_MachineType, MM_MachineID, MM_LastMaintenanceDate, MM_NextMaintenanceDate, MM_Status, MM_TechnicianName, MM_TechnicianContact, MM_RepairCost, MM_IssueDescription, B_ID, B_NAME, S_ID, S_NAME)
    VALUES (9012, 'Waffle Maker', 1948, TO_DATE('01/05/2024', 'DD/MM/YYYY'), TO_DATE('01/05/2025', 'DD/MM/YYYY'), 'Operational', 'Farah Aziz', '0197598456', 150.00, '-', 9012, 'KL', 9012, 'Exotic Flavors')
    INTO MachineMaintenance (MM_ID, MM_MachineType, MM_MachineID, MM_LastMaintenanceDate, MM_NextMaintenanceDate, MM_Status, MM_TechnicianName, MM_TechnicianContact, MM_RepairCost, MM_IssueDescription, B_ID, B_NAME, S_ID, S_NAME)
    VALUES (4321, 'Yogurt Machine', 239409, TO_DATE('01/05/2024', 'DD/MM/YYYY'), TO_DATE('01/05/2025', 'DD/MM/YYYY'), 'Operational', 'Gabe Ong', '01689542203', 100.00, 'Normal Operation', 4321, 'Ipoh', 4321, 'Classic Confections')
    INTO MachineMaintenance (MM_ID, MM_MachineType, MM_MachineID, MM_LastMaintenanceDate, MM_NextMaintenanceDate, MM_Status, MM_TechnicianName, MM_TechnicianContact, MM_RepairCost, MM_IssueDescription, B_ID, B_NAME, S_ID, S_NAME)
    VALUES (8765, 'Tea Brewer', 234789, TO_DATE('01/05/2024', 'DD/MM/YYYY'), TO_DATE('01/05/2025', 'DD/MM/YYYY'), 'Operational', 'Hannah Tan', '01789340922', 300.00, '-', 8765, 'KL', 8765, 'Smoothie Mix Co.')
SELECT 1 FROM DUAL;


--14 AppRegistration
INSERT INTO AppRegistration VALUES (5678, 'User10294739', 'user678@gmail.com', '01029382387', 'KL', TO_DATE('2023-02-01', 'YYYY-MM-DD'), 'Yes', 'wotoie294792', '59148882', 'WER234902', '192.8.8.1');
INSERT INTO AppRegistration VALUES (2345, 'Sweety', 'sweetypie@hotmail.com', '01282343847', 'Penang', TO_DATE('2020-03-01', 'YYYY-MM-DD'), 'Yes', 'juice0239479', '59247822', 'HJI234892', '109.2.3.3');
INSERT INTO AppRegistration VALUES (7890, 'tealover', 'rishafira@yahoo.com', '01339472002', 'KL', TO_DATE('2019-07-01', 'YYYY-MM-DD'), 'Yes', 'waffle023947', '52764720', 'NCS409232', '187.90.24.1');
INSERT INTO AppRegistration VALUES (4567, 'JuiceFan', 'jaredlim@gmail.com', '01528371102', 'Ipoh', TO_DATE('2023-09-01', 'YYYY-MM-DD'), 'Yes', 'coffee923848', '51029383', 'MKS192873', '109.45.83.1');
INSERT INTO AppRegistration VALUES (8901, 'User02394791', 'liyana135@gmail.com', '01923670293', 'Penang', TO_DATE('2021-04-01', 'YYYY-MM-DD'), 'Yes', 'qofwiu29384', '52837467', 'KIO012887', '189.23.76.1');
INSERT INTO AppRegistration VALUES (3456, 'Coffee Pro', 'twillightspark@gmail.com', '01122378237', 'Ipoh', TO_DATE('2024-07-01', 'YYYY-MM-DD'), 'Yes', 'sjbvjd20479', '52345720', 'HIJ177389', '100.34.65.1');
INSERT INTO AppRegistration VALUES (6789, 'Yogurt Queen', 'penny@gmail.com', '01227543642', 'Putrajaya', TO_DATE('2021-11-01', 'YYYY-MM-DD'), 'Yes', 'skdfjjh239486', '52384672', 'LPO012892', '89.23.112.1');
INSERT INTO AppRegistration VALUES (9012, 'User28968329', 'farisdaniel98@gmail.com', '01638452004', 'Ipoh', TO_DATE('2021-06-01', 'YYYY-MM-DD'), 'Yes', 'bxjkf963202', '52734562', 'DTE234832', '104.33.45.2');
INSERT INTO AppRegistration VALUES (4321, 'User23094782', 'tyrabanksxx@gmail.com', '01728461002', 'KL', TO_DATE('2020-04-01', 'YYYY-MM-DD'), 'Yes', 'bvjsdh934586', '52346829', 'SLO238472', '192.8.9.1');
INSERT INTO AppRegistration VALUES (8765, 'Shakes', 'imanalysha_64@gmail.com', '01926403586', 'KL', TO_DATE('2019-12-01', 'YYYY-MM-DD'), 'Yes', 'jdosei239468', '51562344', 'FHD023482', '197.39.23.1');
INSERT INTO AppRegistration 
(AR_ID, AR_Username, AR_Email, AR_PhoneNumber, AR_Address, AR_RegistrationDate, AR_Verified, AR_Password, AR_Birthday, AR_DeviceID, AR_IP) 
VALUES 
(1234, 'VanillaQueen', 'vanillaqueen@example.com', '01234567890', 'KL', TO_DATE('28/02/2025', 'DD/MM/YYYY'), 'Yes', 'vanillapwd123', '55083920', 'WER234897', '192.168.1.1');
INSERT INTO AppRegistration 
(AR_ID, AR_Username, AR_Email, AR_PhoneNumber, AR_Address, AR_RegistrationDate, AR_Verified, AR_Password, AR_Birthday, AR_DeviceID, AR_IP) 
VALUES 
(5671, 'TeaLover101', 'tealover101@example.com', '01912345678', 'Penang', TO_DATE('28/02/2025', 'DD/MM/YYYY'), 'Yes', 'teapassion12', '53284729', 'LPO348712', '203.59.14.1');
INSERT INTO AppRegistration 
(AR_ID, AR_Username, AR_Email, AR_PhoneNumber, AR_Address, AR_RegistrationDate, AR_Verified, AR_Password, AR_Birthday, AR_DeviceID, AR_IP) 
VALUES 
(2347, 'SmoothieJunkie', 'smoothiejunkie@example.com', '01623456789', 'Ipoh', TO_DATE('28/02/2025', 'DD/MM/YYYY'), 'Yes', 'smoothiepass23', '52187653', 'KIO283742', '185.72.23.4');
INSERT INTO AppRegistration 
(AR_ID, AR_Username, AR_Email, AR_PhoneNumber, AR_Address, AR_RegistrationDate, AR_Verified, AR_Password, AR_Birthday, AR_DeviceID, AR_IP) 
VALUES 
(6781, 'IcedCaffeine', 'icedcaffeine@example.com', '01934567890', 'KL', TO_DATE('28/02/2025', 'DD/MM/YYYY'), 'Yes', 'coldbrew0902', '53481267', 'MKS382847', '104.55.99.2');
INSERT INTO AppRegistration 
(AR_ID, AR_Username, AR_Email, AR_PhoneNumber, AR_Address, AR_RegistrationDate, AR_Verified, AR_Password, AR_Birthday, AR_DeviceID, AR_IP) 
VALUES 
(2348, 'DessertKing', 'dessertking@example.com', '01245871098', 'Johor', TO_DATE('28/02/2025', 'DD/MM/YYYY'), 'Yes', 'chocolateo23', '52173834', 'NCS204765', '188.102.6.2');
INSERT INTO AppRegistration 
(AR_ID, AR_Username, AR_Email, AR_PhoneNumber, AR_Address, AR_RegistrationDate, AR_Verified, AR_Password, AR_Birthday, AR_DeviceID, AR_IP) 
VALUES 
(7892, 'LatteLover', 'lattemadness@example.com', '01928746235', 'Penang', TO_DATE('28/02/2025', 'DD/MM/YYYY'), 'Yes', 'creamycoffee32', '52591834', 'KIO290172', '196.34.59.3');
INSERT INTO AppRegistration 
(AR_ID, AR_Username, AR_Email, AR_PhoneNumber, AR_Address, AR_RegistrationDate, AR_Verified, AR_Password, AR_Birthday, AR_DeviceID, AR_IP) 
VALUES 
(4323, 'PastryMaster', 'pastrymaster@example.com', '01257893456', 'KL', TO_DATE('28/02/2025', 'DD/MM/YYYY'), 'Yes', 'cakeandpastry44', '53192048', 'LPO283619', '198.19.12.4');
INSERT INTO AppRegistration 
(AR_ID, AR_Username, AR_Email, AR_PhoneNumber, AR_Address, AR_RegistrationDate, AR_Verified, AR_Password, AR_Birthday, AR_DeviceID, AR_IP) 
VALUES 
(8766, 'JuiceMaster', 'juicemaster@example.com', '01623678901', 'Ipoh', TO_DATE('28/02/2025', 'DD/MM/YYYY'), 'Yes', 'tropicaljuice21', '52297109', 'SLO938172', '203.58.22.2');
INSERT INTO AppRegistration 
(AR_ID, AR_Username, AR_Email, AR_PhoneNumber, AR_Address, AR_RegistrationDate, AR_Verified, AR_Password, AR_Birthday, AR_DeviceID, AR_IP) 
VALUES 
(3459, 'MochaDream', 'mochadream@example.com', '01934501234', 'Penang', TO_DATE('28/02/2025', 'DD/MM/YYYY'), 'Yes', 'mochadream09', '52967421', 'FHD347182', '195.77.23.5');
INSERT INTO AppRegistration 
(AR_ID, AR_Username, AR_Email, AR_PhoneNumber, AR_Address, AR_RegistrationDate, AR_Verified, AR_Password, AR_Birthday, AR_DeviceID, AR_IP) 
VALUES 
(5672, 'FruitFrenzy', 'fruitfrenzy@example.com', '01129432109', 'KL', TO_DATE('28/02/2025', 'DD/MM/YYYY'), 'Yes', 'fruitydelight23', '53729084', 'KIO283741', '190.120.9.3');
INSERT INTO AppRegistration 
(AR_ID, AR_Username, AR_Email, AR_PhoneNumber, AR_Address, AR_RegistrationDate, AR_Verified, AR_Password, AR_Birthday, AR_DeviceID, AR_IP) 
VALUES 
(6782, 'EspressoFan', 'espressolover@example.com', '01238475469', 'Johor', TO_DATE('28/02/2025', 'DD/MM/YYYY'), 'Yes', 'espresso007', '53387415', 'MKS238172', '198.29.78.2');
INSERT INTO AppRegistration 
(AR_ID, AR_Username, AR_Email, AR_PhoneNumber, AR_Address, AR_RegistrationDate, AR_Verified, AR_Password, AR_Birthday, AR_DeviceID, AR_IP) 
VALUES 
(3450, 'ShakeitUp', 'shakeitup@example.com', '01656782345', 'KL', TO_DATE('28/02/2025', 'DD/MM/YYYY'), 'Yes', 'shakes1234', '53142028', 'KIO028347', '204.59.12.3');
INSERT INTO AppRegistration 
(AR_ID, AR_Username, AR_Email, AR_PhoneNumber, AR_Address, AR_RegistrationDate, AR_Verified, AR_Password, AR_Birthday, AR_DeviceID, AR_IP) 
VALUES 
(7893, 'ChocoLover', 'chocolover123@example.com', '01987432765', 'Penang', TO_DATE('28/02/2025', 'DD/MM/YYYY'), 'Yes', 'chocolatetreats', '52673829', 'LPO234781', '198.10.56.2');
INSERT INTO AppRegistration 
(AR_ID, AR_Username, AR_Email, AR_PhoneNumber, AR_Address, AR_RegistrationDate, AR_Verified, AR_Password, AR_Birthday, AR_DeviceID, AR_IP) 
VALUES 
(4324, 'MellowBrew', 'mellowbrew@example.com', '01212345678', 'Ipoh', TO_DATE('28/02/2025', 'DD/MM/YYYY'), 'Yes', 'mellowbrewpwd', '52938472', 'FHD238271', '190.150.20.3');
INSERT INTO AppRegistration 
(AR_ID, AR_Username, AR_Email, AR_PhoneNumber, AR_Address, AR_RegistrationDate, AR_Verified, AR_Password, AR_Birthday, AR_DeviceID, AR_IP) 
VALUES 
(8767, 'SweetSips', 'sweetsips@example.com', '01982349876', 'KL', TO_DATE('28/02/2025', 'DD/MM/YYYY'), 'Yes', 'sweetbeverages', '52109284', 'MKS102347', '198.30.22.1');
INSERT INTO AppRegistration 
(AR_ID, AR_Username, AR_Email, AR_PhoneNumber, AR_Address, AR_RegistrationDate, AR_Verified, AR_Password, AR_Birthday, AR_DeviceID, AR_IP) 
VALUES 
(3451, 'ZestyDrinks', 'zestybeverages@example.com', '01256371928', 'Penang', TO_DATE('28/02/2025', 'DD/MM/YYYY'), 'Yes', 'zestydrink24', '52469182', 'KIO238491', '202.88.65.2');
INSERT INTO AppRegistration 
(AR_ID, AR_Username, AR_Email, AR_PhoneNumber, AR_Address, AR_RegistrationDate, AR_Verified, AR_Password, AR_Birthday, AR_DeviceID, AR_IP) 
VALUES 
(5673, 'FruitFusion', 'fruitfusion@example.com', '01619234756', 'Ipoh', TO_DATE('28/02/2025', 'DD/MM/YYYY'), 'Yes', 'fruitfusion23', '53382094', 'LPO728492', '190.23.41.5');
INSERT INTO AppRegistration
(AR_ID, AR_Username, AR_Email, AR_PhoneNumber, AR_Address, AR_RegistrationDate, AR_Verified, AR_Password, AR_Birthday, AR_DeviceID, AR_IP) 
VALUES
(6783, 'TastyTreats', 'tastytreats@example.com', '01234568297', 'KL', TO_DATE('01/10/2020', 'DD/MM/YYYY'), 'Yes', 'treaty32', '53217859', 'SLO283172', '204.33.18.3');
INSERT INTO AppRegistration
(AR_ID, AR_Username, AR_Email, AR_PhoneNumber, AR_Address, AR_RegistrationDate, AR_Verified, AR_Password, AR_Birthday, AR_DeviceID, AR_IP) 
VALUES
(2349, 'BerryBliss', 'berrybliss@example.com', '01645678390', 'Johor', TO_DATE('01/07/2022', 'DD/MM/YYYY'), 'Yes', 'berrybreeze89', '53084721', 'KIO384721', '189.132.4.3');
INSERT INTO AppRegistration
(AR_ID, AR_Username, AR_Email, AR_PhoneNumber, AR_Address, AR_RegistrationDate, AR_Verified, AR_Password, AR_Birthday, AR_DeviceID, AR_IP) 
VALUES
(6784, 'SugarRush', 'sugarrush@example.com', '01119238465', 'KL', TO_DATE('01/03/2021', 'DD/MM/YYYY'), 'Yes', 'sweattreats01', '53562018', 'LPO342890', '192.12.34.5');


--15 AppLogin
INSERT INTO AppLogin VALUES (5678, 'iPhone 14 Pro', TO_DATE('2025-02-01', 'YYYY-MM-DD'), TO_DATE('09:22:00', 'HH24:MI:SS'), '203.9.8.1', 'Active', 0, 'lsdkfj029482', '349922', NULL);
INSERT INTO AppLogin VALUES (2345, 'Samsung Galaxy S23', TO_DATE('2025-01-01', 'YYYY-MM-DD'), TO_DATE('12:45:00', 'HH24:MI:SS'), '202.34.2.1', 'Blocked', 1, 'sdfhj039782', '934878', NULL);
INSERT INTO AppLogin VALUES (7890, 'Google Pixel 7', TO_DATE('2024-06-01', 'YYYY-MM-DD'), TO_DATE('16:27:00', 'HH24:MI:SS'), '190.23.34.1', 'Pending', 3, 'jfskfi093234', '349930', NULL);
INSERT INTO AppLogin VALUES (4567, 'OnePlus 11', TO_DATE('2024-09-01', 'YYYY-MM-DD'), TO_DATE('23:59:00', 'HH24:MI:SS'), '108.23.62.1', 'Active', 0, 'gshfjs274609', '234783', NULL);
INSERT INTO AppLogin VALUES (8901, 'iPad Air 5', TO_DATE('2025-02-01', 'YYYY-MM-DD'), TO_DATE('21:56:00', 'HH24:MI:SS'), '220.10.23.1', 'Active', 2, 'lsdkh248789', '945683', NULL);
INSERT INTO AppLogin VALUES (3456, 'Samsung Galaxy Tab S8', TO_DATE('2024-07-01', 'YYYY-MM-DD'), TO_DATE('22:34:00', 'HH24:MI:SS'), '120.34.8.1', 'Active', 1, 'lsdfiie203492', '293468', NULL);
INSERT INTO AppLogin VALUES (6789, 'MacBook Pro M2', TO_DATE('2024-12-01', 'YYYY-MM-DD'), TO_DATE('12:29:00', 'HH24:MI:SS'), '103.23.9.1', 'Active', 0, 'skflhs834782', '384753', NULL);
INSERT INTO AppLogin VALUES (9012, 'Dell XPS 15', TO_DATE('2024-06-01', 'YYYY-MM-DD'), TO_DATE('20:36:00', 'HH24:MI:SS'), '100.23.9.1', 'Active', 4, 'asfkh394732', '345763', NULL);
INSERT INTO AppLogin VALUES (4321, 'Asus ROG Phone 7', TO_DATE('2024-03-01', 'YYYY-MM-DD'), TO_DATE('19:11:00', 'HH24:MI:SS'), '154.23.98.1', 'Active', 1, 'sfkhsj238472', '345863', NULL);
INSERT INTO AppLogin VALUES (8765, 'Huawei P50 Pro', TO_DATE('2025-01-01', 'YYYY-MM-DD'), TO_DATE('16:01:00', 'HH24:MI:SS'), '198.23.98.1', 'Active', 0, 'sdkfh239482', '123861', NULL);


--16 Menu
INSERT ALL
    INTO Menu (M_ID, M_Name, M_Description, M_Category, M_Price, M_Calories, M_Availability, M_SpecialOffer, M_Type, M_Allergens)
    VALUES (1023, 'Classic Butter Croissant', 'A flaky, buttery croissant with a golden crust and soft interior.', 'Food', 8.00, 300, 'Available', 'Buy 1 get 1 free', 'Vegetarian', 'Wheat,Sugar,Durian')
    INTO Menu (M_ID, M_Name, M_Description, M_Category, M_Price, M_Calories, M_Availability, M_SpecialOffer, M_Type, M_Allergens)
    VALUES (2345, 'Almond Chocolate Danish', 'A rich, layered pastry filled with smooth chocolate and crunchy almonds.', 'Food', 6.00, 220, 'Available', '15% off', 'Vegetarian', 'Dairy,Sugar,Gluten')
    INTO Menu (M_ID, M_Name, M_Description, M_Category, M_Price, M_Calories, M_Availability, M_SpecialOffer, M_Type, M_Allergens)
    VALUES (6789, 'Triple Cheese Bagel', 'A toasted bagel infused with three types of cheese for a gooey bite.', 'Food', 10.00, 450, 'Available', '5% off', 'Vegetarian', 'Dairy,Sugar,Gluten')
    INTO Menu (M_ID, M_Name, M_Description, M_Category, M_Price, M_Calories, M_Availability, M_SpecialOffer, M_Type, M_Allergens)
    VALUES (8901, 'Smoked Chicken Sandwich', 'A hearty sandwich with smoked chicken and fresh lettuce.', 'Food', 8.00, 180, 'Available', 'Second serving half price', 'Non-Vegetarian', 'Dairy,Sugar')
    INTO Menu (M_ID, M_Name, M_Description, M_Category, M_Price, M_Calories, M_Availability, M_SpecialOffer, M_Type, M_Allergens)
    VALUES (4567, 'Tuna Mayo Croissant', 'A buttery croissant filled with creamy tuna mayo and a touch of pepper.', 'Food', 9.00, 150, 'Available', 'Buy 2 get 1 free', 'Non-Vegetarian', 'Gluten,Sugar')
    INTO Menu (M_ID, M_Name, M_Description, M_Category, M_Price, M_Calories, M_Availability, M_SpecialOffer, M_Type, M_Allergens)
    VALUES (3210, 'Salted Caramel Brownie', 'A fudgy chocolate brownie topped with a drizzle of salted caramel.', 'Food', 6.00, 250, 'Available', '10% off', 'Halal', 'Tea,Lemon')
    INTO Menu (M_ID, M_Name, M_Description, M_Category, M_Price, M_Calories, M_Availability, M_SpecialOffer, M_Type, M_Allergens)
    VALUES (7654, 'Dark Choco Lava Cake', 'A warm chocolate cake with a molten dark chocolate center.', 'Food', 4.00, 350, 'Available', '5% off', 'Halal', 'Coffee,Dairy')
    INTO Menu (M_ID, M_Name, M_Description, M_Category, M_Price, M_Calories, M_Availability, M_SpecialOffer, M_Type, M_Allergens)
    VALUES (9087, 'Blueberry Cheese Muffin', 'A soft muffin bursting with juicy blueberries and a creamy cheesecake swirl.', 'Food', 6.00, 280, 'Available', 'No', 'Halal', 'Dairy,Tea')
    INTO Menu (M_ID, M_Name, M_Description, M_Category, M_Price, M_Calories, M_Availability, M_SpecialOffer, M_Type, M_Allergens)
    VALUES (1346, 'Chicken Floss Bun', 'A soft bun generously topped with savory chicken floss and a hint of mayo.', 'Food', 5.00, 200, 'Available', '20% off', 'Halal', 'Lychee,Sugar')
    INTO Menu (M_ID, M_Name, M_Description, M_Category, M_Price, M_Calories, M_Availability, M_SpecialOffer, M_Type, M_Allergens)
    VALUES (8723, 'Honey Oat Granola Bar', 'A nutritious granola bar packed with oats, honey, nuts, and dried fruits.', 'Food', 5.00, 150, 'Available', 'No', 'Halal', 'Herbal,Tea')
    INTO Menu (M_ID, M_Name, M_Description, M_Category, M_Price, M_Calories, M_Availability, M_SpecialOffer, M_Type, M_Allergens)
    VALUES (5098, 'Signature Spanish Latte', 'A rich and creamy latte made with condensed milk for a smooth, sweet taste.', 'Drink', 10.25, 120, 'Available', 'Buy 1 get 1 free', 'Beverage', 'Dairy,Sugar')
    INTO Menu (M_ID, M_Name, M_Description, M_Category, M_Price, M_Calories, M_Availability, M_SpecialOffer, M_Type, M_Allergens)
    VALUES (6472, 'Iced Butterscotch Latte', 'A velvety espresso-based drink infused with butterscotch syrup over ice.', 'Drink', 12.78, 250, 'Available', '15% off', 'Beverage', 'Gluten,Sugar')
    INTO Menu (M_ID, M_Name, M_Description, M_Category, M_Price, M_Calories, M_Availability, M_SpecialOffer, M_Type, M_Allergens)
    VALUES (3845, 'Caramel Macchiato', 'A smooth espresso with steamed milk, vanilla syrup, and caramel drizzle.', 'Drink', 15.40, 160, 'Available', '5% off', 'Beverage', 'Tea,Lemon')
    INTO Menu (M_ID, M_Name, M_Description, M_Category, M_Price, M_Calories, M_Availability, M_SpecialOffer, M_Type, M_Allergens)
    VALUES (2950, 'Hazelnut Mocha', 'A delicious mocha with a hint of hazelnut and topped with whipped cream.', 'Drink', 18.99, 300, 'Available', 'Second serving half price', 'Beverage', 'Coffee,Dairy')
    INTO Menu (M_ID, M_Name, M_Description, M_Category, M_Price, M_Calories, M_Availability, M_SpecialOffer, M_Type, M_Allergens)
    VALUES (7104, 'Matcha Latte', 'A smooth blend of premium matcha and creamy milk, served hot or iced.', 'Drink', 11.65, 210, 'Available', 'Buy 2 get 1 free', 'Beverage', 'Dairy,Tea')
    INTO Menu (M_ID, M_Name, M_Description, M_Category, M_Price, M_Calories, M_Availability, M_SpecialOffer, M_Type, M_Allergens)
    VALUES (4289, 'Earl Grey Milk Tea', 'A fragrant Earl Grey tea infused with milk for a creamy and floral taste.', 'Drink', 14.32, 275, 'Available', '10% off', 'Beverage', 'Dairy,Sugar')
    INTO Menu (M_ID, M_Name, M_Description, M_Category, M_Price, M_Calories, M_Availability, M_SpecialOffer, M_Type, M_Allergens)
    VALUES (5632, 'ZUS Blue Ocean Fizz', 'A refreshing blue-colored fizzy drink with a citrusy and fruity twist.', 'Drink', 19.75, 160, 'Available', '5% off', 'Beverage', 'Gluten,Sugar')
    INTO Menu (M_ID, M_Name, M_Description, M_Category, M_Price, M_Calories, M_Availability, M_SpecialOffer, M_Type, M_Allergens)
    VALUES (8190, 'Honey Lemon Americano', 'A bold espresso infused with honey and lemon for a refreshing balance.', 'Drink', 16.48, 220, 'Available', 'No', 'Beverage', 'Tea,Lemon')
    INTO Menu (M_ID, M_Name, M_Description, M_Category, M_Price, M_Calories, M_Availability, M_SpecialOffer, M_Type, M_Allergens)
    VALUES (9467, 'Classic Hot Chocolate', 'A rich and creamy hot chocolate made with premium cocoa and steamed milk.', 'Drink', 13.90, 195, 'Available', '20% off', 'Beverage', 'Coffee,Dairy')
    INTO Menu (M_ID, M_Name, M_Description, M_Category, M_Price, M_Calories, M_Availability, M_SpecialOffer, M_Type, M_Allergens)
    VALUES (3508, 'Mango Passionfruit Frappe', 'A tropical frozen drink blended with mango.', 'Drink', 17.21, 290, 'Available', 'No', 'Halal', 'Dairy,Tea')
SELECT 1 FROM DUAL;


--17 Promotions
INSERT INTO Promotions VALUES (5678, 'Chinese New Year', 'Buy 1 Free 1 on all lattes this weekend!', TO_DATE('2024-01-01', 'YYYY-MM-DD'), TO_DATE('2024-02-01', 'YYYY-MM-DD'), 0.20, 'Electronics', 'Local Ads', 500, 'High');
INSERT INTO Promotions VALUES (2345, 'Raya Promotions', 'Get 20% off on your first mobile app order.', TO_DATE('2024-05-01', 'YYYY-MM-DD'), TO_DATE('2024-06-01', 'YYYY-MM-DD'), 0.15, 'Fashion', 'National Ads', 300, 'Medium');
INSERT INTO Promotions VALUES (7890, 'Mid-Autumn', 'Happy Hour: Enjoy RM5 off any large frappe from 2-5 PM.', TO_DATE('2024-08-01', 'YYYY-MM-DD'), TO_DATE('2024-08-01', 'YYYY-MM-DD'), NULL, 'Food', 'Local Ads', 400, 'Low');
INSERT INTO Promotions VALUES (4567, 'Black Friday', 'Exclusive for members: Collect double points on all purchases this month!', TO_DATE('2024-11-01', 'YYYY-MM-DD'), TO_DATE('2024-11-01', 'YYYY-MM-DD'), 0.50, 'General', 'National Ads', 1000, 'High');
INSERT INTO Promotions VALUES (8901, 'Year End', 'Limited Time Offer: Free croissant with every Signature Spanish Latte.', TO_DATE('2024-12-01', 'YYYY-MM-DD'), TO_DATE('2025-01-01', 'YYYY-MM-DD'), 0.30, 'Home Appliances', 'Local Ads', 600, 'Medium');
INSERT INTO Promotions VALUES (3456, 'Valentine''s Day', 'Weekend Special: 15% off on all non-coffee beverages.', TO_DATE('2025-02-01', 'YYYY-MM-DD'), TO_DATE('2025-02-01', 'YYYY-MM-DD'), 0.20, 'Gifts', 'National Ads', 250, 'Low');
INSERT INTO Promotions VALUES (6789, 'Mother''s Day', 'Student Deal: Show your student ID and get RM3 off any drink.', TO_DATE('2025-05-01', 'YYYY-MM-DD'), TO_DATE('2025-05-01', 'YYYY-MM-DD'), 0.20, 'Beauty', 'Local Ads', 450, 'Medium');
INSERT INTO Promotions VALUES (9012, 'Back To School', 'Celebrate your birthday with a free drink of your choice!', TO_DATE('2025-01-01', 'YYYY-MM-DD'), TO_DATE('2025-02-01', 'YYYY-MM-DD'), 0.25, 'Stationery', 'National Ads', 350, 'Low');
INSERT INTO Promotions VALUES (4321, 'Halloween', 'Bundle Deal: Get a pastry + any medium drink for RM12.90.', TO_DATE('2025-10-01', 'YYYY-MM-DD'), TO_DATE('2024-11-01', 'YYYY-MM-DD'), NULL, 'Costumes', 'Local Ads', 700, 'High');
INSERT INTO Promotions VALUES (8765, 'Summer Holiday', 'Festive Promo: Buy 3 drinks and get the 4th one free!', TO_DATE('2025-06-01', 'YYYY-MM-DD'), TO_DATE('2025-07-01', 'YYYY-MM-DD'), 0.30, 'Swimwear', 'National Ads', 550, 'Medium');


--18 GiftCards
INSERT INTO GiftCards VALUES (5678, 'GCC394583', 50.00, TO_DATE('2025-06-01', 'YYYY-MM-DD'), 'Active', 'Points', 'In-Store', 50.00, 'National', 'Yes');
INSERT INTO GiftCards VALUES (2345, 'GCC294583', 100.00, TO_DATE('2025-07-01', 'YYYY-MM-DD'), 'Active', 'Cash', 'Online', 100.00, 'National', 'No');
INSERT INTO GiftCards VALUES (7890, 'GCC240878', 25.00, TO_DATE('2025-08-01', 'YYYY-MM-DD'), 'Active', 'Points', 'In-Store', 25.00, 'National', 'Yes');
INSERT INTO GiftCards VALUES (4567, 'GCC192342', 75.00, TO_DATE('2025-03-01', 'YYYY-MM-DD'), 'Active', 'Cash', 'Online', 150.00, 'National', 'No');
INSERT INTO GiftCards VALUES (8901, 'GCC023949', 200.00, TO_DATE('2025-05-01', 'YYYY-MM-DD'), 'Active', 'Points', 'In-Store', 75.00, 'National', 'Yes');
INSERT INTO GiftCards VALUES (3456, 'GCC234792', 10.00, TO_DATE('2025-02-01', 'YYYY-MM-DD'), 'Active', 'Cash', 'Online', 200.00, 'National', 'No');
INSERT INTO GiftCards VALUES (6789, 'GCC204957', 250.00, TO_DATE('2026-03-01', 'YYYY-MM-DD'), 'Active', 'Points', 'In-Store', 10.00, 'National', 'Yes');
INSERT INTO GiftCards VALUES (9012, 'GCC345889', 5.00, TO_DATE('2025-05-01', 'YYYY-MM-DD'), 'Active', 'Cash', 'Online', 300.00, 'National', 'No');
INSERT INTO GiftCards VALUES (4321, 'GCC345249', 50.00, TO_DATE('2025-10-01', 'YYYY-MM-DD'), 'Active', 'Points', 'In-Store', 5.00, 'National', 'Yes');
INSERT INTO GiftCards VALUES (8765, 'GCC123489', 30.00, TO_DATE('2025-11-01', 'YYYY-MM-DD'), 'Active', 'Cash', 'Online', 250.00, 'National', 'No');

--19 DrinkMenu
INSERT ALL
    INTO DrinkMenu (D_ItemID, D_Name, D_DrinkType, D_Size, D_CaffeineContent, D_Flavor, D_Customization, D_Temperature, D_ServingStyle, D_BeverageOrigin, D_isSignatureDrink, M_ID, M_NAME)
    VALUES (1024, 'Iberian Velvet Latte', 'Latte', 'Large', 75.5, 'Rich, Milky', 'Extra Foam', 'Cold', 'Cup', 'Italy', 'No', 5098, 'Signature Spanish Latte')
    INTO DrinkMenu (D_ItemID, D_Name, D_DrinkType, D_Size, D_CaffeineContent, D_Flavor, D_Customization, D_Temperature, D_ServingStyle, D_BeverageOrigin, D_isSignatureDrink, M_ID, M_NAME)
    VALUES (6785, 'Frosted Butterscotch Bliss', 'Latte', 'Medium', 80.25, 'Butterscotch, Creamy', 'Extra Shot', 'Hot', 'Cup', 'Italy', 'No', 6472, 'Iced Butterscotch Latte')
    INTO DrinkMenu (D_ItemID, D_Name, D_DrinkType, D_Size, D_CaffeineContent, D_Flavor, D_Customization, D_Temperature, D_ServingStyle, D_BeverageOrigin, D_isSignatureDrink, M_ID, M_NAME)
    VALUES (8902, 'Golden Drizzle Macchiato', 'Latte', 'Small', 95, 'Caramel, Bold', 'Oat Milk', 'Cold', 'Cup', 'Japan', 'Yes', 3845, 'Caramel Macchiato')
    INTO DrinkMenu (D_ItemID, D_Name, D_DrinkType, D_Size, D_CaffeineContent, D_Flavor, D_Customization, D_Temperature, D_ServingStyle, D_BeverageOrigin, D_isSignatureDrink, M_ID, M_NAME)
    VALUES (4569, 'Nutty Cocoa Indulgence', 'Latte', 'Medium', 60.75, 'Hazelnut, Chocolate', 'Whipped Cream', 'Hot', 'Cup', 'India', 'No', 2950, 'Hazelnut Mocha')
    INTO DrinkMenu (D_ItemID, D_Name, D_DrinkType, D_Size, D_CaffeineContent, D_Flavor, D_Customization, D_Temperature, D_ServingStyle, D_BeverageOrigin, D_isSignatureDrink, M_ID, M_NAME)
    VALUES (3215, 'Emerald Harmony Latte', 'Non-Coffee', 'Large', 110.3, 'Earthy, Matcha', 'Almond Milk', 'Cold', 'Cup', 'Various', 'No', 7104, 'Matcha Latte')
    INTO DrinkMenu (D_ItemID, D_Name, D_DrinkType, D_Size, D_CaffeineContent, D_Flavor, D_Customization, D_Temperature, D_ServingStyle, D_BeverageOrigin, D_isSignatureDrink, M_ID, M_NAME)
    VALUES (7658, 'London Fog Royale', 'Non-Coffee', 'Small', 85.4, 'Earl Grey, Vanilla', 'Honey Drizzle', 'Hot', 'Cup', 'Italy', 'Yes', 4289, 'Earl Grey Milk Tea')
    INTO DrinkMenu (D_ItemID, D_Name, D_DrinkType, D_Size, D_CaffeineContent, D_Flavor, D_Customization, D_Temperature, D_ServingStyle, D_BeverageOrigin, D_isSignatureDrink, M_ID, M_NAME)
    VALUES (9081, 'Azure Citrus Sparkler', 'Juice', 'Medium', 70.9, 'Citrus, Fizzy', 'No Ice', 'Cold', 'Cup', 'USA', 'No', 5632, 'ZUS Blue Ocean Fizz')
    INTO DrinkMenu (D_ItemID, D_Name, D_DrinkType, D_Size, D_CaffeineContent, D_Flavor, D_Customization, D_Temperature, D_ServingStyle, D_BeverageOrigin, D_isSignatureDrink, M_ID, M_NAME)
    VALUES (1349, 'Golden Citrus Americano', 'Latte', 'Medium', 99.99, 'Honey, Lemon', 'Extra Honey', 'Hot', 'Mug', 'Various', 'No', 8190, 'Honey Lemon Americano')
    INTO DrinkMenu (D_ItemID, D_Name, D_DrinkType, D_Size, D_CaffeineContent, D_Flavor, D_Customization, D_Temperature, D_ServingStyle, D_BeverageOrigin, D_isSignatureDrink, M_ID, M_NAME)
    VALUES (8725, 'Belgian Cocoa Comfort', 'Non-Coffee', 'Large', 65.2, 'Chocolate, Smooth', 'Marshmallows', 'Cold', 'Cup', 'China', 'No', 9467, 'Classic Hot Chocolate')
    INTO DrinkMenu (D_ItemID, D_Name, D_DrinkType, D_Size, D_CaffeineContent, D_Flavor, D_Customization, D_Temperature, D_ServingStyle, D_BeverageOrigin, D_isSignatureDrink, M_ID, M_NAME)
    VALUES (5096, 'Tropical Sunset Frappe', 'Frappe', 'Large', 120.5, 'Mango, Passionfruit', 'Extra Ice', 'Hot', 'Cup', 'Australia', 'Yes', 3508, 'Mango Passionfruit Frappe')
SELECT 1 FROM DUAL;

--20 FoodMenu
INSERT ALL
    INTO FoodMenu (F_ItemID, F_DishName, F_FoodType, F_ServingSize, F_PreparationTime, F_SpiceLevel, F_StorageCondition, F_IsVegetarian, F_PackagingType, F_Ingredient, M_ID, M_NAME)
    VALUES (1023, 'Parisian Golden Croissant', 'Pancake', 'Small', 10.00, 'Low', 'Warm', 'Yes', 'Eat in/Takeaway', 'Chicken, Coconut Milk, Curry Leaves, Lemongrass, Galangal, Turmeric, Chili, Garlic, Onions, Steamed Rice', 1023, 'Classic Butter Croissant')
    INTO FoodMenu (F_ItemID, F_DishName, F_FoodType, F_ServingSize, F_PreparationTime, F_SpiceLevel, F_StorageCondition, F_IsVegetarian, F_PackagingType, F_Ingredient, M_ID, M_NAME)
    VALUES (6789, 'Choco Almond Delight Danish', 'Dessert', 'Medium', 5.00, 'Sweet', 'Cold', 'Yes', 'Eat in/Takeaway', 'Chicken, Tomato Sauce, Chili, Garlic, Ginger, Onions, Lemongrass, Coconut Milk, Steamed Rice', 2345, 'Almond Chocolate Danish')
    INTO FoodMenu (F_ItemID, F_DishName, F_FoodType, F_ServingSize, F_PreparationTime, F_SpiceLevel, F_StorageCondition, F_IsVegetarian, F_PackagingType, F_Ingredient, M_ID, M_NAME)
    VALUES (8901, 'Three-Cheese Melt Bagel', 'Pudding', 'Medium', 30.00, 'Sweet', 'Cold', 'Yes', 'Eat in/Takeaway', 'Rice, Chicken, Shrimp, Green Onions, Garlic, Chili, Soy Sauce, Fish Sauce, Vegetables', 6789, 'Triple Cheese Bagel')
    INTO FoodMenu (F_ItemID, F_DishName, F_FoodType, F_ServingSize, F_PreparationTime, F_SpiceLevel, F_StorageCondition, F_IsVegetarian, F_PackagingType, F_Ingredient, M_ID, M_NAME)
    VALUES (4567, 'Smoky Sunrise Sandwich', 'Cake', 'Small', 45.00, 'Sweet', 'Room Temperature', 'Yes', 'Eat in/Takeaway', 'Coconut Rice, Chicken, Rendang Sauce, Lemongrass, Kaffir Lime Leaves, Sambal, Peanuts, Anchovies, Cucumber', 8901, 'Smoked Chicken Sandwich')
    INTO FoodMenu (F_ItemID, F_DishName, F_FoodType, F_ServingSize, F_PreparationTime, F_SpiceLevel, F_StorageCondition, F_IsVegetarian, F_PackagingType, F_Ingredient, M_ID, M_NAME)
    VALUES (3210, 'Ocean Breeze Croissant', 'Porridge', 'Medium', 60.00, 'Sweet', 'Warm', 'Yes', 'Eat in/Takeaway', 'Croissant, Scrambled Chicken, Chicken Sausage, Sauteed Mushrooms, Cheese, Butter', 4567, 'Tuna Mayo Croissant')
    INTO FoodMenu (F_ItemID, F_DishName, F_FoodType, F_ServingSize, F_PreparationTime, F_SpiceLevel, F_StorageCondition, F_IsVegetarian, F_PackagingType, F_Ingredient, M_ID, M_NAME)
    VALUES (7654, 'Caramel Bliss Fudge Brownie', 'Dumpling', 'Small', 30.00, 'Sweet', 'Room Temperature', 'Yes', 'Eat in/Takeaway', 'Waffle Batter, Pearl Sugar, Butter, Milk, Vanilla Extract', 3210, 'Salted Caramel Brownie')
    INTO FoodMenu (F_ItemID, F_DishName, F_FoodType, F_ServingSize, F_PreparationTime, F_SpiceLevel, F_StorageCondition, F_IsVegetarian, F_PackagingType, F_Ingredient, M_ID, M_NAME)
    VALUES (9087, 'Molten Midnight Chocolate Cake', 'Rice Cake', 'Medium', 60.00, 'Sweet', 'Warm', 'Yes', 'Eat in/Takeaway', 'Pastry Dough, Potatoes, Chicken, Curry Powder, Onions, Garlic, Cumin, Coriander', 7654, 'Dark Choco Lava Cake')
    INTO FoodMenu (F_ItemID, F_DishName, F_FoodType, F_ServingSize, F_PreparationTime, F_SpiceLevel, F_StorageCondition, F_IsVegetarian, F_PackagingType, F_Ingredient, M_ID, M_NAME)
    VALUES (1346, 'Blueberry Cheesecake Muffin', 'Pudding', 'Medium', 30.00, 'Sweet', 'Cold', 'Yes', 'Eat in/Takeaway', 'Cream Cheese, Biscoff Spread, Sugar, Butter, Biscuit Base', 9087, 'Blueberry Cheese Muffin')
    INTO FoodMenu (F_ItemID, F_DishName, F_FoodType, F_ServingSize, F_PreparationTime, F_SpiceLevel, F_StorageCondition, F_IsVegetarian, F_PackagingType, F_Ingredient, M_ID, M_NAME)
    VALUES (8723, 'Savory Floss Cloud Bun', 'Layer Cake', 'Medium', 60.00, 'Sweet', 'Room Temperature', 'Yes', 'Eat in/Takeaway', 'Bagel, Cream Cheese, Butter, Flour, Yeast, Sugar, Salt', 1346, 'Chicken Floss Bun')
    INTO FoodMenu (F_ItemID, F_DishName, F_FoodType, F_ServingSize, F_PreparationTime, F_SpiceLevel, F_StorageCondition, F_IsVegetarian, F_PackagingType, F_Ingredient, M_ID, M_NAME)
    VALUES (5098, 'Golden Crunch Granola Bar', 'Shaved Ice', 'Large', 5.00, 'Sweet', 'Cold', 'Yes', 'Eat in/Takeaway', 'Pasta Sheets, Minced Beef, Tomato Sauce, Garlic, Onions, Mozzarella Cheese, Parmesan, Ricotta, Bechamel Sauce, Oregano, Basil', 8723, 'Honey Oat Granola Bar')
SELECT 1 FROM DUAL;




--21 Payment

INSERT INTO Payment (P_ID, P_Method, P_Amount, P_Date, P_Status, P_Bank, P_ReceiptNo, P_TaxAmount, P_ReferenceNo, P_Currency, AR_USERNAME, S_NAME) 
VALUES (1023, 'Card', 12.99, TO_DATE('01/06/2024', 'DD/MM/YYYY'), 'Completed', 'Maybank', 'RCN12345678', 1.2, 'REF102345', 'MYR', 'User10294739', 'Sweet Treats Inc.');

INSERT INTO Payment (P_ID, P_Method, P_Amount, P_Date, P_Status, P_Bank, P_ReceiptNo, P_TaxAmount, P_ReferenceNo, P_Currency, AR_USERNAME, S_NAME) 
VALUES (3567, 'Card', 89.5, TO_DATE('01/06/2024', 'DD/MM/YYYY'), 'Completed', 'Maybank', 'RCN23456789', 1.5, 'REF569872', 'MYR', 'Sweety', 'Refreshing Drinks Ltd');

INSERT INTO Payment (P_ID, P_Method, P_Amount, P_Date, P_Status, P_Bank, P_ReceiptNo, P_TaxAmount, P_ReferenceNo, P_Currency, AR_USERNAME, S_NAME) 
VALUES (8945, 'Card', 34.75, TO_DATE('01/02/2024', 'DD/MM/YYYY'), 'Completed', 'CIMB', 'RCN34567890', 1.8, 'REF783921', 'MYR', 'tealover', 'Cozy Coffee Roasters');

INSERT INTO Payment (P_ID, P_Method, P_Amount, P_Date, P_Status, P_Bank, P_ReceiptNo, P_TaxAmount, P_ReferenceNo, P_Currency, AR_USERNAME, S_NAME) 
VALUES (6721, 'Card', 76.2, TO_DATE('01/12/2024', 'DD/MM/YYYY'), 'Completed', 'CIMB', 'RCN45678901', 2.1, 'REF234567', 'MYR', 'JuiceFan', 'Natural Sweets');

INSERT INTO Payment (P_ID, P_Method, P_Amount, P_Date, P_Status, P_Bank, P_ReceiptNo, P_TaxAmount, P_ReferenceNo, P_Currency, AR_USERNAME, S_NAME) 
VALUES (2389, 'Card', 21.3, TO_DATE('01/02/2023', 'DD/MM/YYYY'), 'Completed', 'Maybank', 'RCN56789012', 2.4, 'REF908765', 'MYR', 'User02394791', 'Frozen Delights Corp');

INSERT INTO Payment (P_ID, P_Method, P_Amount, P_Date, P_Status, P_Bank, P_ReceiptNo, P_TaxAmount, P_ReferenceNo, P_Currency, AR_USERNAME, S_NAME) 
VALUES (7654, 'Card', 99.99, TO_DATE('01/10/2024', 'DD/MM/YYYY'), 'Completed', 'RHB', 'RCN67890123', 2.7, 'REF672389', 'MYR', 'Coffee Pro', 'Artisanal Teas');

INSERT INTO Payment (P_ID, P_Method, P_Amount, P_Date, P_Status, P_Bank, P_ReceiptNo, P_TaxAmount, P_ReferenceNo, P_Currency, AR_USERNAME, S_NAME) 
VALUES (9102, 'Card', 45.6, TO_DATE('01/07/2024', 'DD/MM/YYYY'), 'Completed', 'Maybank', 'RCN78901234', 1.3, 'REF345678', 'MYR', 'Yogurt Queen', 'Organic Ingredients');

INSERT INTO Payment (P_ID, P_Method, P_Amount, P_Date, P_Status, P_Bank, P_ReceiptNo, P_TaxAmount, P_ReferenceNo, P_Currency, AR_USERNAME, S_NAME) 
VALUES (5438, 'Card', 68.25, TO_DATE('01/06/2024', 'DD/MM/YYYY'), 'Completed', 'RHB', 'RCN89012345', 1.7, 'REF829104', 'MYR', 'User28968329', 'Exotic Flavors');

INSERT INTO Payment (P_ID, P_Method, P_Amount, P_Date, P_Status, P_Bank, P_ReceiptNo, P_TaxAmount, P_ReferenceNo, P_Currency, AR_USERNAME, S_NAME) 
VALUES (6781, 'Card', 83.1, TO_DATE('01/03/2024', 'DD/MM/YYYY'), 'Completed', 'CIMB', 'RCN90123456', 2.2, 'REF563214', 'MYR', 'User23094782', 'Classic Confections');

INSERT INTO Payment (P_ID, P_Method, P_Amount, P_Date, P_Status, P_Bank, P_ReceiptNo, P_TaxAmount, P_ReferenceNo, P_Currency, AR_USERNAME, S_NAME) 
VALUES (4320, 'Card', 29.95, TO_DATE('01/04/2024', 'DD/MM/YYYY'), 'Completed', 'Maybank', 'RCN01234567', 2.9, 'REF987650', 'MYR', 'Shakes', 'Smoothie Mix Co.');

INSERT INTO Payment (P_ID, P_Method, P_Amount, P_Date, P_Status, P_Bank, P_ReceiptNo, P_TaxAmount, P_ReferenceNo, P_Currency, AR_USERNAME, S_NAME) 
VALUES (8094, 'Cash', 54.8, TO_DATE('01/05/2024', 'DD/MM/YYYY'), 'Completed', NULL, 'RCN13579024', 0.7, 'REF431289', 'MYR', 'VanillaQueen', 'Pure Pastries Bakery');

INSERT INTO Payment (P_ID, P_Method, P_Amount, P_Date, P_Status, P_Bank, P_ReceiptNo, P_TaxAmount, P_ReferenceNo, P_Currency, AR_USERNAME, S_NAME) 
VALUES (2517, 'Cash', 73.45, TO_DATE('01/08/2024', 'DD/MM/YYYY'), 'Completed', NULL, 'RCN24680135', 0.6, 'REF765432', 'MYR', 'TeaLover101', 'Choco Bliss Enterprises');

INSERT INTO Payment (P_ID, P_Method, P_Amount, P_Date, P_Status, P_Bank, P_ReceiptNo, P_TaxAmount, P_ReferenceNo, P_Currency, AR_USERNAME, S_NAME) 
VALUES (9643, 'Cash', 19.9, TO_DATE('01/09/2024', 'DD/MM/YYYY'), 'Completed', NULL, 'RCN35791346', 0.5, 'REF219876', 'MYR', 'SmoothieJunkie', 'Fresh Brew Creations');

INSERT INTO Payment (P_ID, P_Method, P_Amount, P_Date, P_Status, P_Bank, P_ReceiptNo, P_TaxAmount, P_ReferenceNo, P_Currency, AR_USERNAME, S_NAME) 
VALUES (3876, 'Cash', 88.88, TO_DATE('01/11/2024', 'DD/MM/YYYY'), 'Completed', NULL, 'RCN46802457', 0.4, 'REF654321', 'MYR', 'IcedCaffeine', 'Wholesome Delights');

INSERT INTO Payment (P_ID, P_Method, P_Amount, P_Date, P_Status, P_Bank, P_ReceiptNo, P_TaxAmount, P_ReferenceNo, P_Currency, AR_USERNAME, S_NAME) 
VALUES (7205, 'Cash', 42.35, TO_DATE('01/01/2024', 'DD/MM/YYYY'), 'Completed', NULL, 'RCN57913568', 0.3, 'REF372810', 'MYR', 'DessertKing', 'Dreamy Desserts Ltd');

INSERT INTO Payment (P_ID, P_Method, P_Amount, P_Date, P_Status, P_Bank, P_ReceiptNo, P_TaxAmount, P_ReferenceNo, P_Currency, AR_USERNAME, S_NAME) 
VALUES (1598, 'Cash', 67.5, TO_DATE('01/02/2024', 'DD/MM/YYYY'), 'Completed', NULL, 'RCN68024679', 0.2, 'REF892345', 'MYR', 'LatteLover', 'The Tea House Co.');

INSERT INTO Payment (P_ID, P_Method, P_Amount, P_Date, P_Status, P_Bank, P_ReceiptNo, P_TaxAmount, P_ReferenceNo, P_Currency, AR_USERNAME, S_NAME) 
VALUES (6347, 'Cash', 31.25, TO_DATE('01/03/2024', 'DD/MM/YYYY'), 'Completed', NULL, 'RCN79135780', 0.1, 'REF120987', 'MYR', 'PastryMaster', 'Heavenly Beverages Inc.');

INSERT INTO Payment (P_ID, P_Method, P_Amount, P_Date, P_Status, P_Bank, P_ReceiptNo, P_TaxAmount, P_ReferenceNo, P_Currency, AR_USERNAME, S_NAME) 
VALUES (8029, 'Cash', 92.4, TO_DATE('01/04/2024', 'DD/MM/YYYY'), 'Completed', NULL, 'RCN80246891', 0.05, 'REF538210', 'MYR', 'JuiceMaster', 'Tropical Tastes Ltd');

INSERT INTO Payment (P_ID, P_Method, P_Amount, P_Date, P_Status, P_Bank, P_ReceiptNo, P_TaxAmount, P_ReferenceNo, P_Currency, AR_USERNAME, S_NAME) 
VALUES (4763, 'Cash', 55.75, TO_DATE('01/05/2024', 'DD/MM/YYYY'), 'Completed', NULL, 'RCN91357902', 0.95, 'REF672104', 'MYR', 'MochaDream', 'Elegant Eats Co.');

INSERT INTO Payment (P_ID, P_Method, P_Amount, P_Date, P_Status, P_Bank, P_ReceiptNo, P_TaxAmount, P_ReferenceNo, P_Currency, AR_USERNAME, S_NAME) 
VALUES (5281, 'Cash', 38.2, TO_DATE('01/07/2024', 'DD/MM/YYYY'), 'Completed', NULL, 'RCN02468013', 0.85, 'REF450987', 'MYR', 'FruitFrenzy', 'Sweet Cravings Corp');

INSERT INTO Payment (P_ID, P_ReceiptNo, P_Method, P_Amount, P_Date, P_Status, P_Bank, P_TaxAmount, P_ReferenceNo, P_Currency, AR_USERNAME, S_NAME)
 VALUES (6904, 'RCN73580246', 'Bank Transfer', 79.99, TO_DATE('01/08/2024', 'DD/MM/YYYY'), 'Completed', 'Maybank', 0.75, 'REF789657', 'MYR', 'EspressoFan', 'Crafty Confections Ltd');

INSERT INTO Payment (P_ID, P_ReceiptNo, P_Method, P_Amount, P_Date, P_Status, P_Bank, P_TaxAmount, P_ReferenceNo, P_Currency, AR_USERNAME, S_NAME)
VALUES (3142, 'RCN24680235', 'E-Wallet', 46.1, TO_DATE('01/09/2024', 'DD/MM/YYYY'), 'Completed', 'Maybank', 0.65, 'REF902348', 'MYR', 'ShakeItUp', 'Purely Natural Snacks');

INSERT INTO Payment (P_ID, P_ReceiptNo, P_Method, P_Amount, P_Date, P_Status, P_Bank, P_TaxAmount, P_ReferenceNo, P_Currency, AR_USERNAME, S_NAME)
VALUES (8579, 'RCN24691357', 'Bank Transfer', 90.5, TO_DATE('01/10/2024', 'DD/MM/YYYY'), 'Completed', 'RHB', 0.55, 'REF618290', 'MYR', 'ChocoLover', 'The Smoothie Bar Co.');

INSERT INTO Payment (P_ID, P_ReceiptNo, P_Method, P_Amount, P_Date, P_Status, P_Bank, P_TaxAmount, P_ReferenceNo, P_Currency, AR_USERNAME, S_NAME)
VALUES (2036, 'RCN35702468', 'E-Wallet', 27.8, TO_DATE('01/11/2024', 'DD/MM/YYYY'), 'Completed', 'Maybank', 0.45, 'REF345012', 'MYR', 'MellowBrew', 'Joyful Sips & Bites');

INSERT INTO Payment (P_ID, P_ReceiptNo, P_Method, P_Amount, P_Date, P_Status, P_Bank, P_TaxAmount, P_ReferenceNo, P_Currency, AR_USERNAME, S_NAME)
VALUES (7418, 'RCN46813579', 'Bank Transfer', 82.75, TO_DATE('01/12/2024', 'DD/MM/YYYY'), 'Completed', 'Maybank', 0.35, 'REF234890', 'MYR', 'SweetSips', 'Premium Pastry Creations');

INSERT INTO Payment (P_ID, P_ReceiptNo, P_Method, P_Amount, P_Date, P_Status, P_Bank, P_TaxAmount, P_ReferenceNo, P_Currency, AR_USERNAME, S_NAME)
VALUES (9625, 'RCN57924680', 'E-Wallet', 61.9, TO_DATE('01/06/2024', 'DD/MM/YYYY'), 'Completed', 'CIMB', 0.25, 'REF781092', 'MYR', 'ZestyDrinks', 'Sweet Tooth Bakery');

INSERT INTO Payment (P_ID, P_ReceiptNo, P_Method, P_Amount, P_Date, P_Status, P_Bank, P_TaxAmount, P_ReferenceNo, P_Currency, AR_USERNAME, S_NAME)
VALUES (3852, 'RCN68035791', 'Bank Transfer', 74.2, TO_DATE('01/07/2024', 'DD/MM/YYYY'), 'Completed', 'CIMB', 0.15, 'REF549872', 'MYR', 'FruitFusion', 'Refreshment Haven Ltd');

INSERT INTO Payment (P_ID, P_ReceiptNo, P_Method, P_Amount, P_Date, P_Status, P_Bank, P_TaxAmount, P_ReferenceNo, P_Currency, AR_USERNAME, S_NAME)
VALUES (1067, 'RCN79146802', 'E-Wallet', 37.45, TO_DATE('01/08/2024', 'DD/MM/YYYY'), 'Completed', 'Maybank', 0.01, 'REF690812', 'MYR', 'TastyTreats', 'Heavenly Bakes Co.');

INSERT INTO Payment (P_ID, P_ReceiptNo, P_Method, P_Amount, P_Date, P_Status, P_Bank, P_TaxAmount, P_ReferenceNo, P_Currency, AR_USERNAME, S_NAME)
VALUES (8473, 'RCN91357903', 'Bank Transfer', 50.6, TO_DATE('01/09/2024', 'DD/MM/YYYY'), 'Completed', 'CIMB', 0.9, 'REF812309', 'MYR', 'BerryBliss', 'Wholesome Treats Inc.');

INSERT INTO Payment (P_ID, P_ReceiptNo, P_Method, P_Amount, P_Date, P_Status, P_Bank, P_TaxAmount, P_ReferenceNo, P_Currency, AR_USERNAME, S_NAME) 
VALUES (5290, 'RCN91368024', 'E-Wallet', 99, TO_DATE('01/10/2024', 'DD/MM/YYYY'), 'Completed', 'Maybank', 0.8, 'REF972345', 'MYR', 'SugarRush', 'Artisan Flavors Co.');



--22 CustomerFeedback
INSERT INTO CustomerFeedback VALUES (5678, 5, 'Great Service', TO_DATE('2024-07-01', 'YYYY-MM-DD'), 'Online', 'Social Media', 'Free extra shot of espresso', 'Service', 'Resolved', 'Please add more dairy-free milk options.');
INSERT INTO CustomerFeedback VALUES (2345, 4, 'Good Products', TO_DATE('2024-08-01', 'YYYY-MM-DD'), 'Online', 'Survey', 'RM5 discount on next purchase', 'Product', 'Pending', 'The service is great, but the waiting time could be shorter.');
INSERT INTO CustomerFeedback VALUES (7890, 3, 'Response too slow', TO_DATE('2024-06-01', 'YYYY-MM-DD'), 'Online', 'In-Store', 'Free upsize on any drink', 'Service', 'Resolved', 'Would love to see more seasonal drink flavors!');
INSERT INTO CustomerFeedback VALUES (4567, 5, 'Excellent experience', TO_DATE('2024-02-01', 'YYYY-MM-DD'), 'Online', 'Google Reviews', 'Double loyalty points on next visit', 'Product', 'Pending', 'Consider adding a rewards program for frequent customers.');
INSERT INTO CustomerFeedback VALUES (8901, 2, 'Too Expensive', TO_DATE('2024-10-01', 'YYYY-MM-DD'), 'Online', 'Social Media', 'Buy 1, get 1 at 50% off', 'Service', 'Resolved', 'The seating area could be more comfortable with extra cushions.');
INSERT INTO CustomerFeedback VALUES (3456, 4, 'Satisfied with Products', TO_DATE('2024-12-01', 'YYYY-MM-DD'), 'Online', 'Survey', 'Free pastry with any large drink', 'Product', 'Pending', 'It would be nice to have a sugar-free version of the caramel macchiato.');
INSERT INTO CustomerFeedback VALUES (6789, 5, 'Fast Delivery', TO_DATE('2024-11-01', 'YYYY-MM-DD'), 'Online', 'In-Store', 'Exclusive 10% off for members', 'Service', 'Resolved', 'The app is convenient, but the payment process could be smoother.');
INSERT INTO CustomerFeedback VALUES (9012, 3, 'Not bad but Not good', TO_DATE('2024-04-01', 'YYYY-MM-DD'), 'Online', 'Google Reviews', 'Free flavored syrup add-on', 'Product', 'Pending', 'More variety in pastries would be great, especially savory options.');
INSERT INTO CustomerFeedback VALUES (4321, 4, 'Good Value for Money', TO_DATE('2024-08-01', 'YYYY-MM-DD'), 'Online', 'Social Media', 'Birthday special: Free drink of choice', 'Service', 'Resolved', 'The music in the caf is a bit loud sometimes.');
INSERT INTO CustomerFeedback VALUES (8765, 5, 'Highly recommend', TO_DATE('2025-01-01', 'YYYY-MM-DD'), 'Online', 'Survey', 'Limited-time free oat milk upgrade', 'Product', 'Pending', 'Please offer more promotions for loyal customers!');


--23 Order
INSERT ALL
    INTO Orders (O_ID, O_Date, O_Time, O_TotalAmount, O_PaymentMethod, O_Status, O_DiscountCode, O_DeliveryType, O_DeliveryAddress, O_Notes, AR_ID, AR_USERNAME, PE_ID, PE_PREFERREDNAME, LP_ID, LP_NAME, B_ID, B_NAME, GC_ID, GC_CODE)
    VALUES (1289, TO_DATE('2025-07-12', 'YYYY-MM-DD'), TO_DATE('19:20', 'HH24:MI'), 37.80, 'Online', 'Done', 'O071219209857', 'Takeaway', 'Penang', 'No', 5678, 'User10294739', 2201, 'Ahmad', 5678, 'Elite Rewards', 5678, 'KL', 5678, 'GCC394583')
    INTO Orders VALUES (3745, TO_DATE('2025-12-10', 'YYYY-MM-DD'), TO_DATE('13:03', 'HH24:MI'), 23.00, 'Cash', 'Done', 'O101213035570', 'Eat in', 'Ipoh', 'No', 2345, 'Sweety', 2202, 'Siti', 2345, 'Gold Points Club', 2345, 'Ipoh', 2345, 'GCC294583')
    INTO Orders VALUES (5690, TO_DATE('2025-02-15', 'YYYY-MM-DD'), TO_DATE('12:56', 'HH24:MI'), 54.70, 'Online', 'Done', 'O021512563498', 'Delivery', 'KL', 'No', 7890, 'tealover', 2203, 'Mohd', 7890, 'PerkPlus', 7890, 'KL', 7890, 'GCC240878')
    INTO Orders VALUES (7823, TO_DATE('2025-01-12', 'YYYY-MM-DD'), TO_DATE('20:10', 'HH24:MI'), 40.10, 'Card', 'Done', 'O120120108134', 'Take away', 'KL', 'No', 4567, 'JuiceFan', 2204, 'Aisha', 4567, 'Loyalty Legends', 4567, 'KL', 4567, 'GCC192342')
    INTO Orders VALUES (9461, TO_DATE('2025-11-23', 'YYYY-MM-DD'), TO_DATE('17:49', 'HH24:MI'), 48.00, 'Online', 'Done', 'O11239837', 'Delivery', 'KL', 'No', 8901, 'User02394791', 2205, 'Hafiz', 8901, 'Infinity Rewards', 8901, 'Putrajaya', 8901, 'GCC023949')
    INTO Orders VALUES (3157, TO_DATE('2025-10-19', 'YYYY-MM-DD'), TO_DATE('18:34', 'HH24:MI'), 46.90, 'Cash', 'Done', 'O101918344592', 'Take away', 'Penang', 'No', 3456, 'Coffee Pro', 2206, 'Nurul', 3456, 'VIP Perks', 3456, 'KL', 3456, 'GCC234792')
    INTO Orders VALUES (6278, TO_DATE('2025-11-20', 'YYYY-MM-DD'), TO_DATE('23:12', 'HH24:MI'), 55.60, 'Cash', 'Done', 'O112023126578', 'Delivery', 'Ipoh', 'No', 6789, 'Yogurt Queen', 2207, 'Farhan', 6789, 'Prestige Club', 6789, 'Putrajaya', 6789, 'GCC204957')
    INTO Orders VALUES (8592, TO_DATE('2025-02-01', 'YYYY-MM-DD'), TO_DATE('09:29', 'HH24:MI'), 56.20, 'Card', 'Done', 'O020109297358', 'Eat in', 'Putrajaya', 'No', 9012, 'User28968329', 2208, 'Zahira', 9012, 'StarSaver', 9012, 'KL', 9012, 'GCC345889')
    INTO Orders VALUES (4913, TO_DATE('2025-09-01', 'YYYY-MM-DD'), TO_DATE('10:39', 'HH24:MI'), 23.90, 'Online', 'Done', 'O090110397609', 'Eat in', 'KL', 'No', 4321, 'User23094782', 2209, 'Hadi', 4321, 'Bonus Boost', 4321, 'Ipoh', 4321, 'GCC345249')
    INTO Orders VALUES (7304, TO_DATE('2025-12-29', 'YYYY-MM-DD'), TO_DATE('16:30', 'HH24:MI'), 45.90, 'Online', 'Done', 'O122916300187', 'Delivery', 'Putrajaya', 'No', 8765, 'Shakes', 2210, 'Lina', 8765, 'Prime Loyalty', 8765, 'KL', 8765, 'GCC123489')
SELECT 1 FROM DUAL;


--24. CashPayment
INSERT INTO CashPayment (CP_ID, CP_CashDrawerNo, CP_ChangeGiven, CP_Authentication, CP_TipAmount, CP_DiscountApplied, CP_PaymentCounter, CP_TransactionMode, CP_RefundEligibility, CP_ShiftBatchID, P_ID, P_RECEIPTNO)
VALUES (8059, 'CP1029', 384, 'Verified', 2, 'Yes', '1', 'Cashier', 'Eligible', 'SB454', 8094, 'RCN13579024');

INSERT INTO CashPayment (CP_ID, CP_CashDrawerNo, CP_ChangeGiven, CP_Authentication, CP_TipAmount, CP_DiscountApplied, CP_PaymentCounter, CP_TransactionMode, CP_RefundEligibility, CP_ShiftBatchID, P_ID, P_RECEIPTNO)
VALUES (9999, 'CP4783', 234, 'Verified', 1, 'Yes', '6', 'Cashier', 'Eligible', 'SB274', 2517, 'RCN24680135');

INSERT INTO CashPayment (CP_ID, CP_CashDrawerNo, CP_ChangeGiven, CP_Authentication, CP_TipAmount, CP_DiscountApplied, CP_PaymentCounter, CP_TransactionMode, CP_RefundEligibility, CP_ShiftBatchID, P_ID, P_RECEIPTNO)
VALUES (8888, 'CP2507', 754, 'Verified', 2, 'No', '3', 'Cashier', 'Eligible', 'SB353', 9643, 'RCN35791346');

INSERT INTO CashPayment (CP_ID, CP_CashDrawerNo, CP_ChangeGiven, CP_Authentication, CP_TipAmount, CP_DiscountApplied, CP_PaymentCounter, CP_TransactionMode, CP_RefundEligibility, CP_ShiftBatchID, P_ID, P_RECEIPTNO)
VALUES (7777, 'CP6938', 243, 'Verified', 2, 'No', '2', 'Cashier', 'Eligible', 'SB144', 3876, 'RCN46802457');

INSERT INTO CashPayment (CP_ID, CP_CashDrawerNo, CP_ChangeGiven, CP_Authentication, CP_TipAmount, CP_DiscountApplied, CP_PaymentCounter, CP_TransactionMode, CP_RefundEligibility, CP_ShiftBatchID, P_ID, P_RECEIPTNO)
VALUES (6666, 'CP8179', 767, 'Verified', 2, 'Yes', '5', 'Cashier', 'Eligible', 'SB206', 7205, 'RCN57913568');

INSERT INTO CashPayment (CP_ID, CP_CashDrawerNo, CP_ChangeGiven, CP_Authentication, CP_TipAmount, CP_DiscountApplied, CP_PaymentCounter, CP_TransactionMode, CP_RefundEligibility, CP_ShiftBatchID, P_ID, P_RECEIPTNO)
VALUES (5555, 'CP5642', 649, 'Verified', 1, 'Yes', '2', 'Cashier', 'Eligible', 'SB143', 1598, 'RCN68024679');

INSERT INTO CashPayment (CP_ID, CP_CashDrawerNo, CP_ChangeGiven, CP_Authentication, CP_TipAmount, CP_DiscountApplied, CP_PaymentCounter, CP_TransactionMode, CP_RefundEligibility, CP_ShiftBatchID, P_ID, P_RECEIPTNO)
VALUES (4444, 'CP3295', 207, 'Verified', 1.5, 'No', '1', 'Cashier', 'Eligible', 'SB646', 6347, 'RCN79135780');

INSERT INTO CashPayment (CP_ID, CP_CashDrawerNo, CP_ChangeGiven, CP_Authentication, CP_TipAmount, CP_DiscountApplied, CP_PaymentCounter, CP_TransactionMode, CP_RefundEligibility, CP_ShiftBatchID, P_ID, P_RECEIPTNO)
VALUES (3333, 'CP7452', 853, 'Verified', 2, 'No', '5', 'Cashier', 'Eligible', 'SB836', 8029, 'RCN80246891');

INSERT INTO CashPayment (CP_ID, CP_CashDrawerNo, CP_ChangeGiven, CP_Authentication, CP_TipAmount, CP_DiscountApplied, CP_PaymentCounter, CP_TransactionMode, CP_RefundEligibility, CP_ShiftBatchID, P_ID, P_RECEIPTNO)
VALUES (2222, 'CP1987', 450, 'Verified', 1.5, 'No', '6', 'Cashier', 'Eligible', 'SB729', 4763, 'RCN91357902');

INSERT INTO CashPayment (CP_ID, CP_CashDrawerNo, CP_ChangeGiven, CP_Authentication, CP_TipAmount, CP_DiscountApplied, CP_PaymentCounter, CP_TransactionMode, CP_RefundEligibility, CP_ShiftBatchID, P_ID, P_RECEIPTNO)
VALUES (1111, 'CP6201', 468, 'Verified', 2, 'No', '3', 'Cashier', 'Eligible', 'SB463', 5281, 'RCN02468013');


--25. CardPayment
INSERT INTO CardPayment (CDP_ID, CDP_CardType, CDP_LastFourDigit, CDP_TransactionType, CDP_CashBackEarned, CDP_TerminalID, CDP_AuthorizationCode, CDP_SignatureRequired, CDP_ForeignTransactionFee, CDP_InstallmentPlan, P_ID, P_RECEIPTNO)
VALUES (1024, 'Visa', 2487, 'Credit', 10, 'TID745', 'AU286', 'Yes', 0.3, 'None', 1023, 'RCN12345678');

INSERT INTO CardPayment (CDP_ID, CDP_CardType, CDP_LastFourDigit, CDP_TransactionType, CDP_CashBackEarned, CDP_TerminalID, CDP_AuthorizationCode, CDP_SignatureRequired, CDP_ForeignTransactionFee, CDP_InstallmentPlan, P_ID, P_RECEIPTNO)
VALUES (4789, 'Visa', 1385, 'Credit', 5, 'TID924', 'AU457', 'Yes', 1.5, 'None', 3567, 'RCN23456789');

INSERT INTO CardPayment (CDP_ID, CDP_CardType, CDP_LastFourDigit, CDP_TransactionType, CDP_CashBackEarned, CDP_TerminalID, CDP_AuthorizationCode, CDP_SignatureRequired, CDP_ForeignTransactionFee, CDP_InstallmentPlan, P_ID, P_RECEIPTNO)
VALUES (2501, 'Visa', 3507, 'Credit', 2, 'TID348', 'AU393', 'Yes', 3, 'None', 8945, 'RCN34567890');

INSERT INTO CardPayment (CDP_ID, CDP_CardType, CDP_LastFourDigit, CDP_TransactionType, CDP_CashBackEarned, CDP_TerminalID, CDP_AuthorizationCode, CDP_SignatureRequired, CDP_ForeignTransactionFee, CDP_InstallmentPlan, P_ID, P_RECEIPTNO)
VALUES (6934, 'Visa', 2374, 'Credit', 7, 'TID186', 'AU296', 'Yes', 1, 'None', 6721, 'RCN45678901');

INSERT INTO CardPayment (CDP_ID, CDP_CardType, CDP_LastFourDigit, CDP_TransactionType, CDP_CashBackEarned, CDP_TerminalID, CDP_AuthorizationCode, CDP_SignatureRequired, CDP_ForeignTransactionFee, CDP_InstallmentPlan, P_ID, P_RECEIPTNO)
VALUES (8172, 'Visa', 1256, 'Credit', 6, 'TID034', 'AU194', 'Yes', 0, 'None', 2389, 'RCN56789012');

INSERT INTO CardPayment (CDP_ID, CDP_CardType, CDP_LastFourDigit, CDP_TransactionType, CDP_CashBackEarned, CDP_TerminalID, CDP_AuthorizationCode, CDP_SignatureRequired, CDP_ForeignTransactionFee, CDP_InstallmentPlan, P_ID, P_RECEIPTNO)
VALUES (5648, 'Visa', 9866, 'Credit', 10, 'TID872', 'AU264', 'Yes', 2, 'None', 7654, 'RCN67890123');

INSERT INTO CardPayment (CDP_ID, CDP_CardType, CDP_LastFourDigit, CDP_TransactionType, CDP_CashBackEarned, CDP_TerminalID, CDP_AuthorizationCode, CDP_SignatureRequired, CDP_ForeignTransactionFee, CDP_InstallmentPlan, P_ID, P_RECEIPTNO)
VALUES (3290, 'Visa', 5623, 'Credit', 6, 'TID298', 'AU482', 'Yes', 1.5, 'None', 9102, 'RCN78901234');

INSERT INTO CardPayment (CDP_ID, CDP_CardType, CDP_LastFourDigit, CDP_TransactionType, CDP_CashBackEarned, CDP_TerminalID, CDP_AuthorizationCode, CDP_SignatureRequired, CDP_ForeignTransactionFee, CDP_InstallmentPlan, P_ID, P_RECEIPTNO)
VALUES (7456, 'Visa', 3958, 'Credit', 9, 'TID567', 'AU382', 'Yes', 2, 'None', 5438, 'RCN89012345');

INSERT INTO CardPayment (CDP_ID, CDP_CardType, CDP_LastFourDigit, CDP_TransactionType, CDP_CashBackEarned, CDP_TerminalID, CDP_AuthorizationCode, CDP_SignatureRequired, CDP_ForeignTransactionFee, CDP_InstallmentPlan, P_ID, P_RECEIPTNO)
VALUES (1984, 'Visa', 1847, 'Credit', 3, 'TID295', 'AU692', 'Yes', 2, 'None', 6781, 'RCN90123456');

INSERT INTO CardPayment (CDP_ID, CDP_CardType, CDP_LastFourDigit, CDP_TransactionType, CDP_CashBackEarned, CDP_TerminalID, CDP_AuthorizationCode, CDP_SignatureRequired, CDP_ForeignTransactionFee, CDP_InstallmentPlan, P_ID, P_RECEIPTNO)
VALUES (6205, 'Visa', 3946, 'Credit', 5, 'TID160', 'AU153', 'Yes', 1, 'None', 4320, 'RCN01234567');


--26 OnlinePayment
INSERT INTO OnlinePayment (OP_ID, OP_PaymentPlatform, OP_DigitalAmount, OP_PaymentGateway, OP_OnlineReceipt, OP_PaymentStatus, OP_DeviceID, OP_IPAddress, OP_TransactionFee, OP_SecurityToken, P_ID, P_RECEIPTNO) 
VALUES (8000, 'Bank Transfer', 79.99, 'Maybank', 'REF789651', 'Successful', 'D176456', '192.168.1.1', 0.75, '8f4a92d3bc5e4d67924f87c2b1d1e6f3', 6904, 'RCN73580246');

INSERT INTO OnlinePayment (OP_ID, OP_PaymentPlatform, OP_DigitalAmount, OP_PaymentGateway, OP_OnlineReceipt, OP_PaymentStatus, OP_DeviceID, OP_IPAddress, OP_TransactionFee, OP_SecurityToken, P_ID, P_RECEIPTNO) 
VALUES (8001, 'E-Wallet', 46.1, 'Maybank', 'REF345012', 'Successful', 'D569234', '172.56.3.3', 0.45, 'a29c73e54b684e218d5ebf3c8a62f9d7', 3142, 'RCN24680235');

INSERT INTO OnlinePayment (OP_ID, OP_PaymentPlatform, OP_DigitalAmount, OP_PaymentGateway, OP_OnlineReceipt, OP_PaymentStatus, OP_DeviceID, OP_IPAddress, OP_TransactionFee, OP_SecurityToken, P_ID, P_RECEIPTNO) 
VALUES (8002, 'Bank Transfer', 90.5, 'Maybank', 'REF234890', 'Successful', 'D288674', '165.47.2.1', 0.35, 'e4f72c9176a348de9a7f92df37b623bc', 8579, 'RCN24691357');

INSERT INTO OnlinePayment (OP_ID, OP_PaymentPlatform, OP_DigitalAmount, OP_PaymentGateway, OP_OnlineReceipt, OP_PaymentStatus, OP_DeviceID, OP_IPAddress, OP_TransactionFee, OP_SecurityToken, P_ID, P_RECEIPTNO) 
VALUES (8003, 'E-Wallet', 27.8, 'CIMB', 'REF781092', 'Successful', 'D469954', '195.45.2.2', 0.25, '67dbe45a5c1e43e9861f12cd89af24bd', 2036, 'RCN35702468');

INSERT INTO OnlinePayment (OP_ID, OP_PaymentPlatform, OP_DigitalAmount, OP_PaymentGateway, OP_OnlineReceipt, OP_PaymentStatus, OP_DeviceID, OP_IPAddress, OP_TransactionFee, OP_SecurityToken, P_ID, P_RECEIPTNO) 
VALUES (8004, 'Bank Transfer', 82.75, 'CIMB', 'REF549872', 'Successful', 'D424986', '133.42.76.1', 0.15, 'b93841cfd7e84a0b936783a4c5fd0e2a', 7418, 'RCN46813579');

INSERT INTO OnlinePayment (OP_ID, OP_PaymentPlatform, OP_DigitalAmount, OP_PaymentGateway, OP_OnlineReceipt, OP_PaymentStatus, OP_DeviceID, OP_IPAddress, OP_TransactionFee, OP_SecurityToken, P_ID, P_RECEIPTNO) 
VALUES (8005, 'E-Wallet', 61.9, 'Maybank', 'REF690812', 'Successful', 'D463777', '143.63.5.1', 0.01, 'f1a27b6819dc41c8b5f337d91ce68d52', 9625, 'RCN57924680');

INSERT INTO OnlinePayment (OP_ID, OP_PaymentPlatform, OP_DigitalAmount, OP_PaymentGateway, OP_OnlineReceipt, OP_PaymentStatus, OP_DeviceID, OP_IPAddress, OP_TransactionFee, OP_SecurityToken, P_ID, P_RECEIPTNO) 
VALUES (8006, 'Bank Transfer', 74.2, 'CIMB', 'REF812309', 'Successful', 'D560554', '156.47.9.1', 0.90, 'd5e9c243baf84a6d9e721cbd62a37f94', 3852, 'RCN68035791');

INSERT INTO OnlinePayment (OP_ID, OP_PaymentPlatform, OP_DigitalAmount, OP_PaymentGateway, OP_OnlineReceipt, OP_PaymentStatus, OP_DeviceID, OP_IPAddress, OP_TransactionFee, OP_SecurityToken, P_ID, P_RECEIPTNO) 
VALUES (8007, 'E-Wallet', 37.45, 'Maybank', 'REF972345', 'Successful', 'D364658', '122.3.4.2', 0.80, '3a69f7b15d274ae38d916a8f34b9c217', 1067, 'RCN79146802');

INSERT INTO OnlinePayment (OP_ID, OP_PaymentPlatform, OP_DigitalAmount, OP_PaymentGateway, OP_OnlineReceipt, OP_PaymentStatus, OP_DeviceID, OP_IPAddress, OP_TransactionFee, OP_SecurityToken, P_ID, P_RECEIPTNO) 
VALUES (8008, 'Bank Transfer', 50.6, 'RHB', 'REF618290', 'Successful', 'D439975', '172.39.87.1', 0.55, '8d6b47c219fe4e58bd935c1e76a2f8b4', 8473, 'RCN91357903');

INSERT INTO OnlinePayment (OP_ID, OP_PaymentPlatform, OP_DigitalAmount, OP_PaymentGateway, OP_OnlineReceipt, OP_PaymentStatus, OP_DeviceID, OP_IPAddress, OP_TransactionFee, OP_SecurityToken, P_ID, P_RECEIPTNO) 
VALUES (8009, 'Bank Transfer', 99, 'Maybank', 'REF789654', 'Successful', 'D176456', '192.168.1.1', 0.75, 'c2f87a1e6db94c5498a347b1d8e9f265', 5290, 'RCN91368024');





--EXPLOSION TABLE

--1. Person_AppRegistration
INSERT ALL
    INTO PERSON_APPREGISTRATION (PE_ID, PE_PreferredName, AR_ID, AR_Username) VALUES (2201, 'Ahmad', 5678, 'User10294739')
    INTO PERSON_APPREGISTRATION (PE_ID, PE_PreferredName, AR_ID, AR_Username) VALUES (2202, 'Siti', 2345, 'Sweety')
    INTO PERSON_APPREGISTRATION (PE_ID, PE_PreferredName, AR_ID, AR_Username) VALUES (2203, 'Mohd', 7890, 'tealover')
    INTO PERSON_APPREGISTRATION (PE_ID, PE_PreferredName, AR_ID, AR_Username) VALUES (2204, 'Aisha', 4567, 'JuiceFan')
    INTO PERSON_APPREGISTRATION (PE_ID, PE_PreferredName, AR_ID, AR_Username) VALUES (2205, 'Hafiz', 8901, 'User02394791')
    INTO PERSON_APPREGISTRATION (PE_ID, PE_PreferredName, AR_ID, AR_Username) VALUES (2206, 'Nurul', 3456, 'Coffee Pro')
    INTO PERSON_APPREGISTRATION (PE_ID, PE_PreferredName, AR_ID, AR_Username) VALUES (2207, 'Farhan', 6789, 'Yogurt Queen')
    INTO PERSON_APPREGISTRATION (PE_ID, PE_PreferredName, AR_ID, AR_Username) VALUES (2208, 'Zahira', 9012, 'User28968329')
    INTO PERSON_APPREGISTRATION (PE_ID, PE_PreferredName, AR_ID, AR_Username) VALUES (2209, 'Hadi', 4321, 'User23094782')
    INTO PERSON_APPREGISTRATION (PE_ID, PE_PreferredName, AR_ID, AR_Username) VALUES (2210, 'Lina', 8765, 'Shakes')
SELECT 1 FROM DUAL;

--2. Person_GiftCards
INSERT ALL
    INTO PERSON_GIFTCARDS (PE_ID, PE_PreferredName, GC_ID, GC_Code) VALUES (2201, 'Ahmad', 5678, 'GCC394583')
    INTO PERSON_GIFTCARDS (PE_ID, PE_PreferredName, GC_ID, GC_Code) VALUES (2202, 'Siti', 2345, 'GCC294583')
    INTO PERSON_GIFTCARDS (PE_ID, PE_PreferredName, GC_ID, GC_Code) VALUES (2203, 'Mohd', 7890, 'GCC240878')
    INTO PERSON_GIFTCARDS (PE_ID, PE_PreferredName, GC_ID, GC_Code) VALUES (2204, 'Aisha', 4567, 'GCC192342')
    INTO PERSON_GIFTCARDS (PE_ID, PE_PreferredName, GC_ID, GC_Code) VALUES (2205, 'Hafiz', 8901, 'GCC023949')
    INTO PERSON_GIFTCARDS (PE_ID, PE_PreferredName, GC_ID, GC_Code) VALUES (2206, 'Nurul', 3456, 'GCC234792')
    INTO PERSON_GIFTCARDS (PE_ID, PE_PreferredName, GC_ID, GC_Code) VALUES (2207, 'Farhan', 6789, 'GCC204957')
    INTO PERSON_GIFTCARDS (PE_ID, PE_PreferredName, GC_ID, GC_Code) VALUES (2208, 'Zahira', 9012, 'GCC345889')
    INTO PERSON_GIFTCARDS (PE_ID, PE_PreferredName, GC_ID, GC_Code) VALUES (2209, 'Hadi', 4321, 'GCC345249')
    INTO PERSON_GIFTCARDS (PE_ID, PE_PreferredName, GC_ID, GC_Code) VALUES (2210, 'Lina', 8765, 'GCC123489')
SELECT 1 FROM DUAL;

--3 Person_LoyaltyProgram
INSERT ALL
    INTO PERSON_LOYALTYPROGRAM (PE_ID, PE_PreferredName, LP_ID, LP_NAME) VALUES (2201, 'Ahmad', 5678, 'Elite Rewards')
    INTO PERSON_LOYALTYPROGRAM (PE_ID, PE_PreferredName, LP_ID, LP_NAME) VALUES (2202, 'Siti', 2345, 'Gold Points Club')
    INTO PERSON_LOYALTYPROGRAM (PE_ID, PE_PreferredName, LP_ID, LP_NAME) VALUES (2203, 'Mohd', 7890, 'PerkPlus')
    INTO PERSON_LOYALTYPROGRAM (PE_ID, PE_PreferredName, LP_ID, LP_NAME) VALUES (2204, 'Aisha', 4567, 'Loyalty Legends')
    INTO PERSON_LOYALTYPROGRAM (PE_ID, PE_PreferredName, LP_ID, LP_NAME) VALUES (2205, 'Hafiz', 8901, 'Infinity Rewards')
    INTO PERSON_LOYALTYPROGRAM (PE_ID, PE_PreferredName, LP_ID, LP_NAME) VALUES (2206, 'Nurul', 3456, 'VIP Perks')
    INTO PERSON_LOYALTYPROGRAM (PE_ID, PE_PreferredName, LP_ID, LP_NAME) VALUES (2207, 'Farhan', 6789, 'Prestige Club')
    INTO PERSON_LOYALTYPROGRAM (PE_ID, PE_PreferredName, LP_ID, LP_NAME) VALUES (2208, 'Zahira', 9012, 'StarSaver')
    INTO PERSON_LOYALTYPROGRAM (PE_ID, PE_PreferredName, LP_ID, LP_NAME) VALUES (2209, 'Hadi', 4321, 'Bonus Boost')
    INTO PERSON_LOYALTYPROGRAM (PE_ID, PE_PreferredName, LP_ID, LP_NAME) VALUES (2210, 'Lina', 8765, 'Prime Loyalty')
SELECT 1 FROM DUAL;


--4 Person_CustomerFeedback
INSERT ALL
    INTO PERSON_CUSTOMERFEEDBACK (PE_ID, PE_PreferredName, CF_ID, CF_Suggestion)
    VALUES (2211, 'Alice', 5678, 'Please add more dairy-free milk options.')
    INTO PERSON_CUSTOMERFEEDBACK (PE_ID, PE_PreferredName, CF_ID, CF_Suggestion)
    VALUES (2212, 'Bob', 2345, 'The service is great, but the waiting time could be shorter.')
    INTO PERSON_CUSTOMERFEEDBACK (PE_ID, PE_PreferredName, CF_ID, CF_Suggestion)
    VALUES (2213, 'Cindy', 7890, 'Would love to see more seasonal drink flavors!')
    INTO PERSON_CUSTOMERFEEDBACK (PE_ID, PE_PreferredName, CF_ID, CF_Suggestion)
    VALUES (2214, 'David', 4567, 'Consider adding a rewards program for frequent customers.')
    INTO PERSON_CUSTOMERFEEDBACK (PE_ID, PE_PreferredName, CF_ID, CF_Suggestion)
    VALUES (2215, 'Emma', 8901, 'The seating area could be more comfortable with extra cushions.')
    INTO PERSON_CUSTOMERFEEDBACK (PE_ID, PE_PreferredName, CF_ID, CF_Suggestion)
    VALUES (2216, 'Farah', 3456, 'It would be nice to have a sugar-free version of the caramel macchiato.')
    INTO PERSON_CUSTOMERFEEDBACK (PE_ID, PE_PreferredName, CF_ID, CF_Suggestion)
    VALUES (2217, 'Gabe', 6789, 'The app is convenient, but the payment process could be smoother.')
    INTO PERSON_CUSTOMERFEEDBACK (PE_ID, PE_PreferredName, CF_ID, CF_Suggestion)
    VALUES (2218, 'Hannah', 9012, 'More variety in pastries would be great, especially savory options.')
    INTO PERSON_CUSTOMERFEEDBACK (PE_ID, PE_PreferredName, CF_ID, CF_Suggestion)
    VALUES (2219, 'Ivan', 4321, 'The music in the caf is a bit loud sometimes.')
    INTO PERSON_CUSTOMERFEEDBACK (PE_ID, PE_PreferredName, CF_ID, CF_Suggestion)
    VALUES (2220, 'Jia', 8765, 'Please offer more promotions for loyal customers!')
SELECT 1 FROM DUAL;

INSERT INTO PERSON_CUSTOMERFEEDBACK (PE_ID, PE_PreferredName, CF_ID, CF_Suggestion)
    VALUES (2201, 'Ahmad', 5678, 'Please add more dairy-free milk options.');
INSERT INTO PERSON_CUSTOMERFEEDBACK (PE_ID, PE_PreferredName, CF_ID, CF_Suggestion)
    VALUES (2202, 'Siti', 2345, 'The service is great, but the waiting time could be shorter.');
INSERT INTO PERSON_CUSTOMERFEEDBACK (PE_ID, PE_PreferredName, CF_ID, CF_Suggestion)
    VALUES (2203, 'Mohd', 7890, 'Would love to see more seasonal drink flavors!');
INSERT INTO PERSON_CUSTOMERFEEDBACK (PE_ID, PE_PreferredName, CF_ID, CF_Suggestion)
    VALUES (2204, 'Aisha', 4567, 'Consider adding a rewards program for frequent customers.');
INSERT INTO PERSON_CUSTOMERFEEDBACK (PE_ID, PE_PreferredName, CF_ID, CF_Suggestion)
    VALUES (2205, 'Hafiz', 8901, 'The seating area could be more comfortable with extra cushions.');
INSERT INTO PERSON_CUSTOMERFEEDBACK (PE_ID, PE_PreferredName, CF_ID, CF_Suggestion)
    VALUES (2206, 'Nurul', 3456, 'It would be nice to have a sugar-free version of the caramel macchiato.');
INSERT INTO PERSON_CUSTOMERFEEDBACK (PE_ID, PE_PreferredName, CF_ID, CF_Suggestion)
    VALUES (2207, 'Farhan', 6789, 'The app is convenient, but the payment process could be smoother.');
INSERT INTO PERSON_CUSTOMERFEEDBACK (PE_ID, PE_PreferredName, CF_ID, CF_Suggestion)
    VALUES (2208, 'Zahira', 9012, 'More variety in pastries would be great, especially savory options.');
INSERT INTO PERSON_CUSTOMERFEEDBACK (PE_ID, PE_PreferredName, CF_ID, CF_Suggestion)
   VALUES (2209, 'Hadi', 4321, 'The music in the caf is a bit loud sometimes.');
INSERT INTO PERSON_CUSTOMERFEEDBACK (PE_ID, PE_PreferredName, CF_ID, CF_Suggestion)
    VALUES (2210, 'Lina', 8765, 'Please offer more promotions for loyal customers!');
 


--5 Person_Branch
INSERT ALL
    INTO PERSON_BRANCH (PE_ID, PE_PreferredName, B_ID, B_Name) VALUES (2201, 'Ahmad', 5678, 'KL')
    INTO PERSON_BRANCH (PE_ID, PE_PreferredName, B_ID, B_Name) VALUES (2202, 'Siti', 2345, 'Ipoh')
    INTO PERSON_BRANCH (PE_ID, PE_PreferredName, B_ID, B_Name) VALUES (2203, 'Mohd', 7890, 'KL')
    INTO PERSON_BRANCH (PE_ID, PE_PreferredName, B_ID, B_Name) VALUES (2204, 'Aisha', 4567, 'KL')
    INTO PERSON_BRANCH (PE_ID, PE_PreferredName, B_ID, B_Name) VALUES (2205, 'Hafiz', 8901, 'Putrajaya')
    INTO PERSON_BRANCH (PE_ID, PE_PreferredName, B_ID, B_Name) VALUES (2206, 'Nurul', 3456, 'KL')
    INTO PERSON_BRANCH (PE_ID, PE_PreferredName, B_ID, B_Name) VALUES (2207, 'Farhan', 6789, 'Putrajaya')
    INTO PERSON_BRANCH (PE_ID, PE_PreferredName, B_ID, B_Name) VALUES (2208, 'Zahira', 9012, 'KL')
    INTO PERSON_BRANCH (PE_ID, PE_PreferredName, B_ID, B_Name) VALUES (2209, 'Hadi', 4321, 'Ipoh')
    INTO PERSON_BRANCH (PE_ID, PE_PreferredName, B_ID, B_Name) VALUES (2210, 'Lina', 8765, 'KL')
SELECT 1 FROM DUAL;


--6 Person_Payment
INSERT INTO PERSON_PAYMENT (PE_ID, PE_PreferredName, P_ID, P_RECEIPTNO)
    VALUES (2201, 'Ahmad', 1023, 'RCN12345678');
INSERT INTO PERSON_PAYMENT (PE_ID, PE_PreferredName, P_ID, P_RECEIPTNO)
    VALUES (2202, 'Siti', 3567, 'RCN23456789');
INSERT INTO PERSON_PAYMENT (PE_ID, PE_PreferredName, P_ID, P_RECEIPTNO)
    VALUES (2203, 'Mohd', 8945, 'RCN34567890');
INSERT INTO PERSON_PAYMENT (PE_ID, PE_PreferredName, P_ID, P_RECEIPTNO)
    VALUES (2204, 'Aisha', 6721, 'RCN45678901');
INSERT INTO PERSON_PAYMENT (PE_ID, PE_PreferredName, P_ID, P_RECEIPTNO)
    VALUES (2205, 'Hafiz', 2389, 'RCN56789012');
INSERT INTO PERSON_PAYMENT (PE_ID, PE_PreferredName, P_ID, P_RECEIPTNO)
    VALUES (2206, 'Nurul', 7654, 'RCN67890123');
INSERT INTO PERSON_PAYMENT (PE_ID, PE_PreferredName, P_ID, P_RECEIPTNO)
    VALUES (2207, 'Farhan', 9102, 'RCN78901234');
INSERT INTO PERSON_PAYMENT (PE_ID, PE_PreferredName, P_ID, P_RECEIPTNO)
    VALUES (2208, 'Zahira', 5438, 'RCN89012345');
INSERT INTO PERSON_PAYMENT (PE_ID, PE_PreferredName, P_ID, P_RECEIPTNO)
    VALUES (2209, 'Hadi', 6781, 'RCN90123456');
INSERT INTO PERSON_PAYMENT (PE_ID, PE_PreferredName, P_ID, P_RECEIPTNO)
    VALUES (2210, 'Lina', 4320, 'RCN01234567');


--7 Person_Menu
INSERT ALL
    INTO PERSON_MENU (PE_ID, PE_PreferredName, M_ID, M_Name)
    VALUES (2201, 'Ahmad', 1023, 'Classic Butter Croissant')
    INTO PERSON_MENU (PE_ID, PE_PreferredName, M_ID, M_Name)
    VALUES (2202, 'Siti', 2345, 'Almond Chocolate Danish')
    INTO PERSON_MENU (PE_ID, PE_PreferredName, M_ID, M_Name)
    VALUES (2203, 'Mohd', 6789, 'Triple Cheese Bagel')
    INTO PERSON_MENU (PE_ID, PE_PreferredName, M_ID, M_Name)
    VALUES (2204, 'Aisha', 8901, 'Smoked Chicken Sandwich')
    INTO PERSON_MENU (PE_ID, PE_PreferredName, M_ID, M_Name)
    VALUES (2205, 'Hafiz', 4567, 'Tuna Mayo Croissant')
    INTO PERSON_MENU (PE_ID, PE_PreferredName, M_ID, M_Name)
    VALUES (2206, 'Nurul', 3210, 'Salted Caramel Brownie')
    INTO PERSON_MENU (PE_ID, PE_PreferredName, M_ID, M_Name)
    VALUES (2207, 'Farhan', 7654, 'Dark Choco Lava Cake')
    INTO PERSON_MENU (PE_ID, PE_PreferredName, M_ID, M_Name)
    VALUES (2208, 'Zahira', 9087, 'Blueberry Cheese Muffin')
    INTO PERSON_MENU (PE_ID, PE_PreferredName, M_ID, M_Name)
    VALUES (2209, 'Hadi', 1346, 'Chicken Floss Bun')
    INTO PERSON_MENU (PE_ID, PE_PreferredName, M_ID, M_Name)
    VALUES (2210, 'Lina', 8723, 'Honey Oat Granola Bar')
SELECT 1 FROM DUAL;


--8 Person_Promotions
INSERT ALL
    INTO PERSON_PROMOTIONS (PE_ID, PE_PreferredName, PR_ID, PR_Name)
    VALUES (2201, 'Ahmad', 5678, 'Chinese New Year')
    INTO PERSON_PROMOTIONS (PE_ID, PE_PreferredName, PR_ID, PR_Name)
    VALUES (2202, 'Siti', 2345, 'Raya Promotions')
    INTO PERSON_PROMOTIONS (PE_ID, PE_PreferredName, PR_ID, PR_Name)
    VALUES (2203, 'Mohd', 7890, 'Mid-Autumn')
    INTO PERSON_PROMOTIONS (PE_ID, PE_PreferredName, PR_ID, PR_Name)
    VALUES (2204, 'Aisha', 4567, 'Black Friday')
    INTO PERSON_PROMOTIONS (PE_ID, PE_PreferredName, PR_ID, PR_Name)
    VALUES (2205, 'Hafiz', 8901, 'Year End')
    INTO PERSON_PROMOTIONS (PE_ID, PE_PreferredName, PR_ID, PR_Name)
    VALUES (2206, 'Nurul', 3456, 'Valentine''s Day')
    INTO PERSON_PROMOTIONS (PE_ID, PE_PreferredName, PR_ID, PR_Name)
    VALUES (2207, 'Farhan', 6789, 'Mother''s Day')
    INTO PERSON_PROMOTIONS (PE_ID, PE_PreferredName, PR_ID, PR_Name)
    VALUES (2208, 'Zahira', 9012, 'Back To School')
    INTO PERSON_PROMOTIONS (PE_ID, PE_PreferredName, PR_ID, PR_Name)
    VALUES (2209, 'Hadi', 4321, 'Halloween')
    INTO PERSON_PROMOTIONS (PE_ID, PE_PreferredName, PR_ID, PR_Name)
    VALUES (2210, 'Lina', 8765, 'Summer Holiday')
SELECT 1 FROM DUAL;


--9 Employee_Employee
INSERT ALL
    INTO EMPLOYEE_EMPLOYEE (E_ID, E_FullName, BA_ID, BA_Nickname, MA_ID, MA_DisplayName)
    VALUES (1023, 'Alice Lee', 1245, 'Ken', 1234, 'Alice Lee')
    INTO EMPLOYEE_EMPLOYEE (E_ID, E_FullName, BA_ID, BA_Nickname, MA_ID, MA_DisplayName)
    VALUES (4789, 'Bob Tan', 3578, 'Lisa', 6789, 'Bob Tan')
    INTO EMPLOYEE_EMPLOYEE (E_ID, E_FullName, BA_ID, BA_Nickname, MA_ID, MA_DisplayName)
    VALUES (2501, 'Cindy Ng', 9021, 'Alex', 9023, 'Cindy Ng')
    INTO EMPLOYEE_EMPLOYEE (E_ID, E_FullName, BA_ID, BA_Nickname, MA_ID, MA_DisplayName)
    VALUES (6934, 'David Lim', 4567, 'Mei', 3451, 'David Lim')
    INTO EMPLOYEE_EMPLOYEE (E_ID, E_FullName, BA_ID, BA_Nickname, MA_ID, MA_DisplayName)
    VALUES (8172, 'Emma Ong', 8390, 'Tom', 7890, 'Emma Ong')
    INTO EMPLOYEE_EMPLOYEE (E_ID, E_FullName, BA_ID, BA_Nickname, MA_ID, MA_DisplayName)
    VALUES (5648, 'Farah Aziz', 2146, 'Sarah', 2145, 'Farah Aziz')
    INTO EMPLOYEE_EMPLOYEE (E_ID, E_FullName, BA_ID, BA_Nickname, MA_ID, MA_DisplayName)
    VALUES (3290, 'Gabe Ong', 6754, 'John', 5678, 'Gabe Ong')
    INTO EMPLOYEE_EMPLOYEE (E_ID, E_FullName, BA_ID, BA_Nickname, MA_ID, MA_DisplayName)
    VALUES (7456, 'Hannah Tan', 9812, 'Emily', 8312, 'Hannah Tan')
    INTO EMPLOYEE_EMPLOYEE (E_ID, E_FullName, BA_ID, BA_Nickname, MA_ID, MA_DisplayName)
    VALUES (1984, 'Ivan Lee', 5432, 'Mike', 6490, 'Ivan Lee')
    INTO EMPLOYEE_EMPLOYEE (E_ID, E_FullName, BA_ID, BA_Nickname, MA_ID, MA_DisplayName)
    VALUES (6205, 'Jia Lin', 7689, 'Jenny', 9876, 'Jia Lin')
SELECT 1 FROM DUAL;


--10. Employee_Inventory
INSERT ALL
    INTO EMPLOYEE_INVENTORY (E_ID, E_FullName, I_ID, I_Name)
    VALUES (1023, 'Alice Lee', 5678, 'Green Tea Leaves')
    INTO EMPLOYEE_INVENTORY (E_ID, E_FullName, I_ID, I_Name)
    VALUES (4789, 'Bob Tan', 2345, 'Milk Powder')
    INTO EMPLOYEE_INVENTORY (E_ID, E_FullName, I_ID, I_Name)
    VALUES (2501, 'Cindy Ng', 7890, 'Sugar')
    INTO EMPLOYEE_INVENTORY (E_ID, E_FullName, I_ID, I_Name)
    VALUES (6934, 'David Lim', 4567, 'Chocolate Syrup')
    INTO EMPLOYEE_INVENTORY (E_ID, E_FullName, I_ID, I_Name)
    VALUES (8172, 'Emma Ong', 8901, 'Whipped Cream')
    INTO EMPLOYEE_INVENTORY (E_ID, E_FullName, I_ID, I_Name)
    VALUES (5648, 'Farah Aziz', 3456, 'Strawberries')
    INTO EMPLOYEE_INVENTORY (E_ID, E_FullName, I_ID, I_Name)
    VALUES (3290, 'Gabe Ong', 6789, 'Vanilla Extract')
    INTO EMPLOYEE_INVENTORY (E_ID, E_FullName, I_ID, I_Name)
    VALUES (7456, 'Hannah Tan', 9012, 'Coffee Beans')
    INTO EMPLOYEE_INVENTORY (E_ID, E_FullName, I_ID, I_Name)
    VALUES (1984, 'Ivan Lee', 4321, 'Coconut Milk Powder')
    INTO EMPLOYEE_INVENTORY (E_ID, E_FullName, I_ID, I_Name)
    VALUES (6205, 'Jia Lin', 8765, 'Mango Pulp')
SELECT 1 FROM DUAL;


--11. Inventory_Assets
INSERT ALL
    INTO INVENTORY_ASSETS (I_ID, I_Name, A_ID, A_Name)
    VALUES (5678, 'Green Tea Leaves', 5678, 'Espresso Machine 1')
    INTO INVENTORY_ASSETS (I_ID, I_Name, A_ID, A_Name)
    VALUES (2345, 'Milk Powder', 2345, 'Coffee Grinder A')
    INTO INVENTORY_ASSETS (I_ID, I_Name, A_ID, A_Name)
    VALUES (7890, 'Sugar', 7890, 'POS System Main')
    INTO INVENTORY_ASSETS (I_ID, I_Name, A_ID, A_Name)
    VALUES (4567, 'Chocolate Syrup', 4567, 'Milk Frother 1')
    INTO INVENTORY_ASSETS (I_ID, I_Name, A_ID, A_Name)
    VALUES (8901, 'Whipped Cream', 8901, 'Ice Maker Large')
    INTO INVENTORY_ASSETS (I_ID, I_Name, A_ID, A_Name)
    VALUES (3456, 'Strawberries', 3456, 'Cash Drawer A')
    INTO INVENTORY_ASSETS (I_ID, I_Name, A_ID, A_Name)
    VALUES (6789, 'Vanilla Extract', 6789, 'Water Filter Unit')
    INTO INVENTORY_ASSETS (I_ID, I_Name, A_ID, A_Name)
    VALUES (9012, 'Coffee Beans', 9012, 'Blender Smoothie 1')
    INTO INVENTORY_ASSETS (I_ID, I_Name, A_ID, A_Name)
    VALUES (4321, 'Coconut Milk Powder', 4321, 'Refrigerated Display')
    INTO INVENTORY_ASSETS (I_ID, I_Name, A_ID, A_Name)
    VALUES (8765, 'Mango Pulp', 8765, 'Delivery Scooter 1')
SELECT 1 FROM DUAL;


--12. Inventory_MachineMaintenace
INSERT ALL
  INTO INVENTORY_MACHINEMAINTENANCE (I_ID, I_Name, MM_ID, MM_MachineID)
  VALUES (5678, 'Green Tea Leaves', 5678, 23947)  -- Use numeric machine IDs
  INTO INVENTORY_MACHINEMAINTENANCE (I_ID, I_Name, MM_ID, MM_MachineID)
  VALUES (2345, 'Milk Powder', 2345, 230948)
  INTO INVENTORY_MACHINEMAINTENANCE (I_ID, I_Name, MM_ID, MM_MachineID)
  VALUES (7890, 'Sugar', 7890, 92374)
  INTO INVENTORY_MACHINEMAINTENANCE (I_ID, I_Name, MM_ID, MM_MachineID)
  VALUES (4567, 'Chocolate Syrup', 4567, 192373)
  INTO INVENTORY_MACHINEMAINTENANCE (I_ID, I_Name, MM_ID, MM_MachineID)
  VALUES (8901, 'Whipped Cream', 8901, 5764392)
  INTO INVENTORY_MACHINEMAINTENANCE (I_ID, I_Name, MM_ID, MM_MachineID)
  VALUES (3456, 'Strawberries', 3456, 485634)
  INTO INVENTORY_MACHINEMAINTENANCE (I_ID, I_Name, MM_ID, MM_MachineID)
  VALUES (6789, 'Vanilla Extract', 6789, 329456)
  INTO INVENTORY_MACHINEMAINTENANCE (I_ID, I_Name, MM_ID, MM_MachineID)
  VALUES (9012, 'Coffee Beans', 9012, 1948)
  INTO INVENTORY_MACHINEMAINTENANCE (I_ID, I_Name, MM_ID, MM_MachineID)
  VALUES (4321, 'Coconut Milk Powder', 4321, 239409)
  INTO INVENTORY_MACHINEMAINTENANCE (I_ID, I_Name, MM_ID, MM_MachineID)
  VALUES (8765, 'Mango Pulp', 8765, 234789)
SELECT 1 FROM DUAL;


--13. Inventory_Menu
INSERT ALL
    INTO INVENTORY_MENU (I_ID, I_Name, M_ID, M_Name)
    VALUES (5678, 'Green Tea Leaves', 1023, 'Classic Butter Croissant')
    INTO INVENTORY_MENU (I_ID, I_Name, M_ID, M_Name)
    VALUES (2345, 'Milk Powder', 2345, 'Almond Chocolate Danish')
    INTO INVENTORY_MENU (I_ID, I_Name, M_ID, M_Name)
    VALUES (7890, 'Sugar', 6789, 'Triple Cheese Bagel')
    INTO INVENTORY_MENU (I_ID, I_Name, M_ID, M_Name)
    VALUES (4567, 'Chocolate Syrup', 8901, 'Smoked Chicken Sandwich')
    INTO INVENTORY_MENU (I_ID, I_Name, M_ID, M_Name)
    VALUES (8901, 'Whipped Cream', 4567, 'Tuna Mayo Croissant')
    INTO INVENTORY_MENU (I_ID, I_Name, M_ID, M_Name)
    VALUES (3456, 'Strawberries', 3210, 'Salted Caramel Brownie')
    INTO INVENTORY_MENU (I_ID, I_Name, M_ID, M_Name)
    VALUES (6789, 'Vanilla Extract', 7654, 'Dark Choco Lava Cake')
    INTO INVENTORY_MENU (I_ID, I_Name, M_ID, M_Name)
    VALUES (9012, 'Coffee Beans', 9087, 'Blueberry Cheese Muffin')
    INTO INVENTORY_MENU (I_ID, I_Name, M_ID, M_Name)
    VALUES (4321, 'Coconut Milk Powder', 1346, 'Chicken Floss Bun')
    INTO INVENTORY_MENU (I_ID, I_Name, M_ID, M_Name)
    VALUES (8765, 'Mango Pulp', 8723, 'Honey Oat Granola Bar')
SELECT 1 FROM DUAL;


--14. Inventory_Order
INSERT ALL
    INTO INVENTORY_ORDER (I_ID, I_Name, O_ID, O_TotalAmount)
    VALUES (5678, 'Green Tea Leaves', 1289, 37.80)
    INTO INVENTORY_ORDER (I_ID, I_Name, O_ID, O_TotalAmount)
    VALUES (2345, 'Milk Powder', 3745, 23.00)
    INTO INVENTORY_ORDER (I_ID, I_Name, O_ID, O_TotalAmount)
    VALUES (7890, 'Sugar', 5690, 54.70)
    INTO INVENTORY_ORDER (I_ID, I_Name, O_ID, O_TotalAmount)
    VALUES (4567, 'Chocolate Syrup', 7823, 40.10)
    INTO INVENTORY_ORDER (I_ID, I_Name, O_ID, O_TotalAmount)
    VALUES (8901, 'Whipped Cream', 9461, 48.00)
    INTO INVENTORY_ORDER (I_ID, I_Name, O_ID, O_TotalAmount)
    VALUES (3456, 'Strawberries', 3157, 46.90)
    INTO INVENTORY_ORDER (I_ID, I_Name, O_ID, O_TotalAmount)
    VALUES (6789, 'Vanilla Extract', 6278, 55.60)
    INTO INVENTORY_ORDER (I_ID, I_Name, O_ID, O_TotalAmount)
    VALUES (9012, 'Coffee Beans', 8592, 56.20)
    INTO INVENTORY_ORDER (I_ID, I_Name, O_ID, O_TotalAmount)
    VALUES (4321, 'Coconut Milk Powder', 4913, 23.90)
    INTO INVENTORY_ORDER (I_ID, I_Name, O_ID, O_TotalAmount)
    VALUES (8765, 'Mango Pulp', 7304, 45.90)
SELECT 1 FROM DUAL;


--15. Inventory_Supplier
INSERT ALL
    INTO INVENTORY_SUPPLIER (I_ID, I_Name, S_ID, S_Name)
    VALUES (5678, 'Green Tea Leaves', 5678, 'Sweet Treats Inc.')
    INTO INVENTORY_SUPPLIER (I_ID, I_Name, S_ID, S_Name)
    VALUES (2345, 'Milk Powder', 2345, 'Refreshing Drinks Ltd')
    INTO INVENTORY_SUPPLIER (I_ID, I_Name, S_ID, S_Name)
    VALUES (7890, 'Sugar', 7890, 'Cozy Coffee Roasters')
    INTO INVENTORY_SUPPLIER (I_ID, I_Name, S_ID, S_Name)
    VALUES (4567, 'Chocolate Syrup', 4567, 'Natural Sweets')
    INTO INVENTORY_SUPPLIER (I_ID, I_Name, S_ID, S_Name)
    VALUES (8901, 'Whipped Cream', 8901, 'Frozen Delights Corp')
    INTO INVENTORY_SUPPLIER (I_ID, I_Name, S_ID, S_Name)
    VALUES (3456, 'Strawberries', 3456, 'Artisanal Teas')
    INTO INVENTORY_SUPPLIER (I_ID, I_Name, S_ID, S_Name)
    VALUES (6789, 'Vanilla Extract', 6789, 'Organic Ingredients')
    INTO INVENTORY_SUPPLIER (I_ID, I_Name, S_ID, S_Name)
    VALUES (9012, 'Coffee Beans', 9012, 'Exotic Flavors')
    INTO INVENTORY_SUPPLIER (I_ID, I_Name, S_ID, S_Name)
    VALUES (4321, 'Coconut Milk Powder', 4321, 'Classic Confections')
    INTO INVENTORY_SUPPLIER (I_ID, I_Name, S_ID, S_Name)
    VALUES (8765, 'Mango Pulp', 8765, 'Smoothie Mix Co.')
SELECT 1 FROM DUAL;

--16 Supplier_Menu
INSERT ALL
    INTO SUPPLIER_MENU (S_ID, S_Name, M_ID, M_Name)
    VALUES (5678, 'Sweet Treats Inc.', 1023, 'Classic Butter Croissant')
    INTO SUPPLIER_MENU (S_ID, S_Name, M_ID, M_Name)
    VALUES (2345, 'Refreshing Drinks Ltd', 2345, 'Almond Chocolate Danish')
    INTO SUPPLIER_MENU (S_ID, S_Name, M_ID, M_Name)
    VALUES (7890, 'Cozy Coffee Roasters', 6789, 'Triple Cheese Bagel')
    INTO SUPPLIER_MENU (S_ID, S_Name, M_ID, M_Name)
    VALUES (4567, 'Natural Sweets', 8901, 'Smoked Chicken Sandwich')
    INTO SUPPLIER_MENU (S_ID, S_Name, M_ID, M_Name)
    VALUES (8901, 'Frozen Delights Corp', 4567, 'Tuna Mayo Croissant')
    INTO SUPPLIER_MENU (S_ID, S_Name, M_ID, M_Name)
    VALUES (3456, 'Artisanal Teas', 3210, 'Salted Caramel Brownie')
    INTO SUPPLIER_MENU (S_ID, S_Name, M_ID, M_Name)
    VALUES (6789, 'Organic Ingredients', 7654, 'Dark Choco Lava Cake')
    INTO SUPPLIER_MENU (S_ID, S_Name, M_ID, M_Name)
    VALUES (9012, 'Exotic Flavors', 9087, 'Blueberry Cheese Muffin')
    INTO SUPPLIER_MENU (S_ID, S_Name, M_ID, M_Name)
    VALUES (4321, 'Classic Confections', 1346, 'Chicken Floss Bun')
    INTO SUPPLIER_MENU (S_ID, S_Name, M_ID, M_Name)
    VALUES (8765, 'Smoothie Mix Co.', 8723, 'Honey Oat Granola Bar')
SELECT 1 FROM DUAL;


--17 Supplier_Branch
INSERT ALL
    INTO SUPPLIER_BRANCH (S_ID, S_Name, B_ID, B_Name)
    VALUES (5678, 'Sweet Treats Inc.', 5678, 'KL')
    INTO SUPPLIER_BRANCH (S_ID, S_Name, B_ID, B_Name)
    VALUES (2345, 'Refreshing Drinks Ltd', 2345, 'Ipoh')
    INTO SUPPLIER_BRANCH (S_ID, S_Name, B_ID, B_Name)
    VALUES (7890, 'Cozy Coffee Roasters', 7890, 'KL')
    INTO SUPPLIER_BRANCH (S_ID, S_Name, B_ID, B_Name)
    VALUES (4567, 'Natural Sweets', 4567, 'KL')
    INTO SUPPLIER_BRANCH (S_ID, S_Name, B_ID, B_Name)
    VALUES (8901, 'Frozen Delights Corp', 8901, 'Putrajaya')
    INTO SUPPLIER_BRANCH (S_ID, S_Name, B_ID, B_Name)
    VALUES (3456, 'Artisanal Teas', 3456, 'KL')
    INTO SUPPLIER_BRANCH (S_ID, S_Name, B_ID, B_Name)
    VALUES (6789, 'Organic Ingredients', 6789, 'Putrajaya')
    INTO SUPPLIER_BRANCH (S_ID, S_Name, B_ID, B_Name)
    VALUES (9012, 'Exotic Flavors', 9012, 'KL')
    INTO SUPPLIER_BRANCH (S_ID, S_Name, B_ID, B_Name)
    VALUES (4321, 'Classic Confections', 4321, 'Ipoh')
    INTO SUPPLIER_BRANCH (S_ID, S_Name, B_ID, B_Name)
    VALUES (8765, 'Smoothie Mix Co.', 8765, 'KL')
SELECT 1 FROM DUAL;


--18 Supplier_Order
INSERT ALL
    INTO SUPPLIER_ORDER (S_ID, S_Name, O_ID, O_TotalAmount)
    VALUES (5678, 'Sweet Treats Inc.', 1289, 37.80)
    INTO SUPPLIER_ORDER (S_ID, S_Name, O_ID, O_TotalAmount)
    VALUES (2345, 'Refreshing Drinks Ltd', 3745, 23.00)
    INTO SUPPLIER_ORDER (S_ID, S_Name, O_ID, O_TotalAmount)
    VALUES (7890, 'Cozy Coffee Roasters', 5690, 54.70)
    INTO SUPPLIER_ORDER (S_ID, S_Name, O_ID, O_TotalAmount)
    VALUES (4567, 'Natural Sweets', 7823, 40.10)
    INTO SUPPLIER_ORDER (S_ID, S_Name, O_ID, O_TotalAmount)
    VALUES (8901, 'Frozen Delights Corp', 9461, 48.00)
    INTO SUPPLIER_ORDER (S_ID, S_Name, O_ID, O_TotalAmount)
    VALUES (3456, 'Artisanal Teas', 3157, 46.90)
    INTO SUPPLIER_ORDER (S_ID, S_Name, O_ID, O_TotalAmount)
    VALUES (6789, 'Organic Ingredients', 6278, 55.60)
    INTO SUPPLIER_ORDER (S_ID, S_Name, O_ID, O_TotalAmount)
    VALUES (9012, 'Exotic Flavors', 8592, 56.20)
    INTO SUPPLIER_ORDER (S_ID, S_Name, O_ID, O_TotalAmount)
    VALUES (4321, 'Classic Confections', 4913, 23.90)
    INTO SUPPLIER_ORDER (S_ID, S_Name, O_ID, O_TotalAmount)
    VALUES (8765, 'Smoothie Mix Co.', 7304, 45.90)
SELECT 1 FROM DUAL;


--19 Brnach_CustomerFeedback
INSERT ALL
    INTO BRANCH_CUSTOMERFEEDBACK (B_ID, B_Name, CF_ID, CF_Suggestion)
    VALUES (5678, 'KL', 5678, 'Please add more dairy-free milk options.')
    INTO BRANCH_CUSTOMERFEEDBACK (B_ID, B_Name, CF_ID, CF_Suggestion)
    VALUES (2345, 'Ipoh', 2345, 'The service is great, but the waiting time could be shorter.')
    INTO BRANCH_CUSTOMERFEEDBACK (B_ID, B_Name, CF_ID, CF_Suggestion)
    VALUES (7890, 'KL', 7890, 'Would love to see more seasonal drink flavors!')
    INTO BRANCH_CUSTOMERFEEDBACK (B_ID, B_Name, CF_ID, CF_Suggestion)
    VALUES (4567, 'KL', 4567, 'Consider adding a rewards program for frequent customers.')
    INTO BRANCH_CUSTOMERFEEDBACK (B_ID, B_Name, CF_ID, CF_Suggestion)
    VALUES (8901, 'Putrajaya', 8901, 'The seating area could be more comfortable with extra cushions.')
    INTO BRANCH_CUSTOMERFEEDBACK (B_ID, B_Name, CF_ID, CF_Suggestion)
    VALUES (3456, 'KL', 3456, 'It would be nice to have a sugar-free version of the caramel macchiato.')
    INTO BRANCH_CUSTOMERFEEDBACK (B_ID, B_Name, CF_ID, CF_Suggestion)
    VALUES (6789, 'Putrajaya', 6789, 'The app is convenient, but the payment process could be smoother.')
    INTO BRANCH_CUSTOMERFEEDBACK (B_ID, B_Name, CF_ID, CF_Suggestion)
    VALUES (9012, 'KL', 9012, 'More variety in pastries would be great, especially savory options.')
    INTO BRANCH_CUSTOMERFEEDBACK (B_ID, B_Name, CF_ID, CF_Suggestion)
    VALUES (4321, 'Ipoh', 4321, 'The music in the caf is a bit loud sometimes.')
    INTO BRANCH_CUSTOMERFEEDBACK (B_ID, B_Name, CF_ID, CF_Suggestion)
    VALUES (8765, 'KL', 8765, 'Please offer more promotions for loyal customers!')
SELECT 1 FROM DUAL;


--20. Branch_Assets
INSERT ALL
    INTO BRANCH_ASSETS (B_ID, B_Name, A_ID, A_Name)
    VALUES (5678, 'KL', 5678, 'Espresso Machine 1')
    INTO BRANCH_ASSETS (B_ID, B_Name, A_ID, A_Name)
    VALUES (2345, 'Ipoh', 2345, 'Coffee Grinder A')
    INTO BRANCH_ASSETS (B_ID, B_Name, A_ID, A_Name)
    VALUES (7890, 'KL', 7890, 'POS System Main')
    INTO BRANCH_ASSETS (B_ID, B_Name, A_ID, A_Name)
    VALUES (4567, 'KL', 4567, 'Milk Frother 1')
    INTO BRANCH_ASSETS (B_ID, B_Name, A_ID, A_Name)
    VALUES (8901, 'Putrajaya', 8901, 'Ice Maker Large')
    INTO BRANCH_ASSETS (B_ID, B_Name, A_ID, A_Name)
    VALUES (3456, 'KL', 3456, 'Cash Drawer A')
    INTO BRANCH_ASSETS (B_ID, B_Name, A_ID, A_Name)
    VALUES (6789, 'Putrajaya', 6789, 'Water Filter Unit')
    INTO BRANCH_ASSETS (B_ID, B_Name, A_ID, A_Name)
    VALUES (9012, 'KL', 9012, 'Blender Smoothie 1')
    INTO BRANCH_ASSETS (B_ID, B_Name, A_ID, A_Name)
    VALUES (4321, 'Ipoh', 4321, 'Refrigerated Display')
    INTO BRANCH_ASSETS (B_ID, B_Name, A_ID, A_Name)
    VALUES (8765, 'KL', 8765, 'Delivery Scooter 1')
SELECT 1 FROM DUAL;


--21. Branch_Promotions
INSERT ALL
    INTO BRANCH_PROMOTIONS (B_ID, B_Name, PR_ID, PR_Name)
    VALUES (5678, 'KL', 5678, 'Chinese New Year')
    INTO BRANCH_PROMOTIONS (B_ID, B_Name, PR_ID, PR_Name)
    VALUES (2345, 'Ipoh', 2345, 'Raya Promotions')
    INTO BRANCH_PROMOTIONS (B_ID, B_Name, PR_ID, PR_Name)
    VALUES (7890, 'KL', 7890, 'Mid-Autumn')
    INTO BRANCH_PROMOTIONS (B_ID, B_Name, PR_ID, PR_Name)
    VALUES (4567, 'KL', 4567, 'Black Friday')
    INTO BRANCH_PROMOTIONS (B_ID, B_Name, PR_ID, PR_Name)
    VALUES (8901, 'Putrajaya', 8901, 'Year End')
    INTO BRANCH_PROMOTIONS (B_ID, B_Name, PR_ID, PR_Name)
    VALUES (3456, 'KL', 3456, 'Valentine''s Day')
    INTO BRANCH_PROMOTIONS (B_ID, B_Name, PR_ID, PR_Name)
    VALUES (6789, 'Putrajaya', 6789, 'Mother''s Day')
    INTO BRANCH_PROMOTIONS (B_ID, B_Name, PR_ID, PR_Name)
    VALUES (9012, 'KL', 9012, 'Back To School')
    INTO BRANCH_PROMOTIONS (B_ID, B_Name, PR_ID, PR_Name)
    VALUES (4321, 'Ipoh', 4321, 'Halloween')
    INTO BRANCH_PROMOTIONS (B_ID, B_Name, PR_ID, PR_Name)
    VALUES (8765, 'KL', 8765, 'Summer Holiday')
SELECT 1 FROM DUAL;


--22. Branch_EmployeePerformance
INSERT ALL
    INTO BRANCH_EMPLOYEEPERFORMANCE (B_ID, B_Name, EP_ID, EP_Rating)
    VALUES (5678, 'KL', 5678, 4.5)
    INTO BRANCH_EMPLOYEEPERFORMANCE (B_ID, B_Name, EP_ID, EP_Rating)
    VALUES (2345, 'Ipoh', 2345, 3.8)
    INTO BRANCH_EMPLOYEEPERFORMANCE (B_ID, B_Name, EP_ID, EP_Rating)
    VALUES (7890, 'KL', 7890, 4.2)
    INTO BRANCH_EMPLOYEEPERFORMANCE (B_ID, B_Name, EP_ID, EP_Rating)
    VALUES (4567, 'KL', 4567, 3.5)
    INTO BRANCH_EMPLOYEEPERFORMANCE (B_ID, B_Name, EP_ID, EP_Rating)
    VALUES (8901, 'Putrajaya', 8901, 4.8)
    INTO BRANCH_EMPLOYEEPERFORMANCE (B_ID, B_Name, EP_ID, EP_Rating)
    VALUES (3456, 'KL', 3456, 4.0)
    INTO BRANCH_EMPLOYEEPERFORMANCE (B_ID, B_Name, EP_ID, EP_Rating)
    VALUES (6789, 'Putrajaya', 6789, 3.9)
    INTO BRANCH_EMPLOYEEPERFORMANCE (B_ID, B_Name, EP_ID, EP_Rating)
    VALUES (9012, 'KL', 9012, 4.1)
    INTO BRANCH_EMPLOYEEPERFORMANCE (B_ID, B_Name, EP_ID, EP_Rating)
    VALUES (4321, 'Ipoh', 4321, 3.7)
    INTO BRANCH_EMPLOYEEPERFORMANCE (B_ID, B_Name, EP_ID, EP_Rating)
    VALUES (8765, 'KL', 8765, 4.4)
SELECT 1 FROM DUAL;


--23. Branch_TrainingProgram
INSERT ALL
    INTO BRANCH_TRAININGPROGRAMS (B_ID, B_Name, TP_ID, TP_NAME)
    VALUES (5678, 'KL', 5678, 'Order And Menu')
    INTO BRANCH_TRAININGPROGRAMS (B_ID, B_Name, TP_ID, TP_NAME)
    VALUES (2345, 'Ipoh', 2345, 'Sales Training')
    INTO BRANCH_TRAININGPROGRAMS (B_ID, B_Name, TP_ID, TP_NAME)
    VALUES (7890, 'KL', 7890, 'Fundamentals')
    INTO BRANCH_TRAININGPROGRAMS (B_ID, B_Name, TP_ID, TP_NAME)
    VALUES (4567, 'KL', 4567, 'Team Building')
    INTO BRANCH_TRAININGPROGRAMS (B_ID, B_Name, TP_ID, TP_NAME)
    VALUES (8901, 'Putrajaya', 8901, 'Project Management')
    INTO BRANCH_TRAININGPROGRAMS (B_ID, B_Name, TP_ID, TP_NAME)
    VALUES (3456, 'KL', 3456, 'Financial Literacy')
    INTO BRANCH_TRAININGPROGRAMS (B_ID, B_Name, TP_ID, TP_NAME)
    VALUES (6789, 'Putrajaya', 6789, 'Service Skills')
    INTO BRANCH_TRAININGPROGRAMS (B_ID, B_Name, TP_ID, TP_NAME)
    VALUES (9012, 'KL', 9012, 'Leadership Skills')
    INTO BRANCH_TRAININGPROGRAMS (B_ID, B_Name, TP_ID, TP_NAME)
    VALUES (4321, 'Ipoh', 4321, 'Marketing Strategies')
    INTO BRANCH_TRAININGPROGRAMS (B_ID, B_Name, TP_ID, TP_NAME)
    VALUES (8765, 'KL', 8765, 'Communication Skills')
SELECT 1 FROM DUAL;


--24. Assets_MachineMaintenance
INSERT ALL
    INTO ASSETS_MACHINEMAINTENANCE (A_ID, A_Name, MM_ID, MM_MachineID)
    VALUES (5678, 'Espresso Machine 1', 5678, 23947)
    INTO ASSETS_MACHINEMAINTENANCE (A_ID, A_Name, MM_ID, MM_MachineID)
    VALUES (2345, 'Coffee Grinder A', 2345, 230948)
    INTO ASSETS_MACHINEMAINTENANCE (A_ID, A_Name, MM_ID, MM_MachineID)
    VALUES (7890, 'POS System Main', 7890, 92374)
    INTO ASSETS_MACHINEMAINTENANCE (A_ID, A_Name, MM_ID, MM_MachineID)
    VALUES (4567, 'Milk Frother 1', 4567, 192373)
    INTO ASSETS_MACHINEMAINTENANCE (A_ID, A_Name, MM_ID, MM_MachineID)
    VALUES (8901, 'Ice Maker Large', 8901, 5764392)
    INTO ASSETS_MACHINEMAINTENANCE (A_ID, A_Name, MM_ID, MM_MachineID)
    VALUES (3456, 'Cash Drawer A', 3456, 485634)
    INTO ASSETS_MACHINEMAINTENANCE (A_ID, A_Name, MM_ID, MM_MachineID)
    VALUES (6789, 'Water Filter Unit', 6789, 329456)
    INTO ASSETS_MACHINEMAINTENANCE (A_ID, A_Name, MM_ID, MM_MachineID)
    VALUES (9012, 'Blender Smoothie 1', 9012, 1948)
    INTO ASSETS_MACHINEMAINTENANCE (A_ID, A_Name, MM_ID, MM_MachineID)
    VALUES (4321, 'Refrigerated Display', 4321, 239409)
    INTO ASSETS_MACHINEMAINTENANCE (A_ID, A_Name, MM_ID, MM_MachineID)
    VALUES (8765, 'Delivery Scooter 1', 8765, 234789)
SELECT 1 FROM DUAL;


--25. LoyaltyProgram_Menu
INSERT ALL
    INTO LOYALTYPROGRAM_MENU (LP_ID, LP_Name, M_ID, M_Name)
    VALUES (5678, 'Elite Rewards', 1023, 'Classic Butter Croissant')
    INTO LOYALTYPROGRAM_MENU (LP_ID, LP_Name, M_ID, M_Name)
    VALUES (2345, 'Gold Points Club', 2345, 'Almond Chocolate Danish')
    INTO LOYALTYPROGRAM_MENU (LP_ID, LP_Name, M_ID, M_Name)
    VALUES (7890, 'PerkPlus', 6789, 'Triple Cheese Bagel')
    INTO LOYALTYPROGRAM_MENU (LP_ID, LP_Name, M_ID, M_Name)
    VALUES (4567, 'Loyalty Legends', 8901, 'Smoked Chicken Sandwich')
    INTO LOYALTYPROGRAM_MENU (LP_ID, LP_Name, M_ID, M_Name)
    VALUES (8901, 'Infinity Rewards', 4567, 'Tuna Mayo Croissant')
    INTO LOYALTYPROGRAM_MENU (LP_ID, LP_Name, M_ID, M_Name)
    VALUES (3456, 'VIP Perks', 3210, 'Salted Caramel Brownie')
    INTO LOYALTYPROGRAM_MENU (LP_ID, LP_Name, M_ID, M_Name)
    VALUES (6789, 'Prestige Club', 7654, 'Dark Choco Lava Cake')
    INTO LOYALTYPROGRAM_MENU (LP_ID, LP_Name, M_ID, M_Name)
    VALUES (9012, 'StarSaver', 9087, 'Blueberry Cheese Muffin')
    INTO LOYALTYPROGRAM_MENU (LP_ID, LP_Name, M_ID, M_Name)
    VALUES (4321, 'Bonus Boost', 1346, 'Chicken Floss Bun')
    INTO LOYALTYPROGRAM_MENU (LP_ID, LP_Name, M_ID, M_Name)
    VALUES (8765, 'Prime Loyalty', 8723, 'Honey Oat Granola Bar')
SELECT 1 FROM DUAL;

--26. LoyaltyProgram_Promotions
INSERT ALL
    INTO LP_PROMOTIONS (LP_ID, LP_Name, PR_ID, PR_Name)
    VALUES (5678, 'Elite Rewards', 5678, 'Chinese New Year')
    INTO LP_PROMOTIONS (LP_ID, LP_Name, PR_ID, PR_Name)
    VALUES (2345, 'Gold Points Club', 2345, 'Raya Promotions')
    INTO LP_PROMOTIONS (LP_ID, LP_Name, PR_ID, PR_Name)
    VALUES (7890, 'PerkPlus', 7890, 'Mid-Autumn')
    INTO LP_PROMOTIONS (LP_ID, LP_Name, PR_ID, PR_Name)
    VALUES (4567, 'Loyalty Legends', 4567, 'Black Friday')
    INTO LP_PROMOTIONS (LP_ID, LP_Name, PR_ID, PR_Name)
    VALUES (8901, 'Infinity Rewards', 8901, 'Year End')
    INTO LP_PROMOTIONS (LP_ID, LP_Name, PR_ID, PR_Name)
    VALUES (3456, 'VIP Perks', 3456, 'Valentine''s Day')
    INTO LP_PROMOTIONS (LP_ID, LP_Name, PR_ID, PR_Name)
    VALUES (6789, 'Prestige Club', 6789, 'Mother''s Day')
    INTO LP_PROMOTIONS (LP_ID, LP_Name, PR_ID, PR_Name)
    VALUES (9012, 'StarSaver', 9012, 'Back To School')
    INTO LP_PROMOTIONS (LP_ID, LP_Name, PR_ID, PR_Name)
    VALUES (4321, 'Bonus Boost', 4321, 'Halloween')
    INTO LP_PROMOTIONS (LP_ID, LP_Name, PR_ID, PR_Name)
    VALUES (8765, 'Prime Loyalty', 8765, 'Summer Holiday')
SELECT 1 FROM DUAL;

--27. LoyaltyProgram_CustomerFeedback
INSERT ALL
    INTO LP_CUSTOMERFEEDBACK (LP_ID, LP_Name, CF_ID, CF_Suggestion)
    VALUES (5678, 'Elite Rewards', 5678, 'Please add more dairy-free milk options.')
    INTO LP_CUSTOMERFEEDBACK (LP_ID, LP_Name, CF_ID, CF_Suggestion)
    VALUES (2345, 'Gold Points Club', 2345, 'The service is great, but the waiting time could be shorter.')
    INTO LP_CUSTOMERFEEDBACK (LP_ID, LP_Name, CF_ID, CF_Suggestion)
    VALUES (7890, 'PerkPlus', 7890, 'Would love to see more seasonal drink flavors!')
    INTO LP_CUSTOMERFEEDBACK (LP_ID, LP_Name, CF_ID, CF_Suggestion)
    VALUES (4567, 'Loyalty Legends', 4567, 'Consider adding a rewards program for frequent customers.')
    INTO LP_CUSTOMERFEEDBACK (LP_ID, LP_Name, CF_ID, CF_Suggestion)
    VALUES (8901, 'Infinity Rewards', 8901, 'The seating area could be more comfortable with extra cushions.')
    INTO LP_CUSTOMERFEEDBACK (LP_ID, LP_Name, CF_ID, CF_Suggestion)
    VALUES (3456, 'VIP Perks', 3456, 'It would be nice to have a sugar-free version of the caramel macchiato.')
    INTO LP_CUSTOMERFEEDBACK (LP_ID, LP_Name, CF_ID, CF_Suggestion)
    VALUES (6789, 'Prestige Club', 6789, 'The app is convenient, but the payment process could be smoother.')
    INTO LP_CUSTOMERFEEDBACK (LP_ID, LP_Name, CF_ID, CF_Suggestion)
    VALUES (9012, 'StarSaver', 9012, 'More variety in pastries would be great, especially savory options.')
    INTO LP_CUSTOMERFEEDBACK (LP_ID, LP_Name, CF_ID, CF_Suggestion)
    VALUES (4321, 'Bonus Boost', 4321, 'The music in the caf is a bit loud sometimes.')
    INTO LP_CUSTOMERFEEDBACK (LP_ID, LP_Name, CF_ID, CF_Suggestion)
    VALUES (8765, 'Prime Loyalty', 8765, 'Please offer more promotions for loyal customers!')
SELECT 1 FROM DUAL;


--28 LoyaltyProgram_Person
INSERT ALL
    INTO LOYALTYPROGRAM_PERSON (LP_ID, LP_Name, PE_ID, PE_PreferredName)
    VALUES (5678, 'Elite Rewards', 2201, 'Ahmad')
    INTO LOYALTYPROGRAM_PERSON (LP_ID, LP_Name, PE_ID, PE_PreferredName)
    VALUES (2345, 'Gold Points Club', 2202, 'Siti')
    INTO LOYALTYPROGRAM_PERSON (LP_ID, LP_Name, PE_ID, PE_PreferredName)
    VALUES (7890, 'PerkPlus', 2203, 'Mohd')
    INTO LOYALTYPROGRAM_PERSON (LP_ID, LP_Name, PE_ID, PE_PreferredName)
    VALUES (4567, 'Loyalty Legends', 2204, 'Aisha')
    INTO LOYALTYPROGRAM_PERSON (LP_ID, LP_Name, PE_ID, PE_PreferredName)
    VALUES (8901, 'Infinity Rewards', 2205, 'Hafiz')
    INTO LOYALTYPROGRAM_PERSON (LP_ID, LP_Name, PE_ID, PE_PreferredName)
    VALUES (3456, 'VIP Perks', 2206, 'Nurul')
    INTO LOYALTYPROGRAM_PERSON (LP_ID, LP_Name, PE_ID, PE_PreferredName)
    VALUES (6789, 'Prestige Club', 2207, 'Farhan')
    INTO LOYALTYPROGRAM_PERSON (LP_ID, LP_Name, PE_ID, PE_PreferredName)
    VALUES (9012, 'StarSaver', 2208, 'Zahira')
    INTO LOYALTYPROGRAM_PERSON (LP_ID, LP_Name, PE_ID, PE_PreferredName)
    VALUES (4321, 'Bonus Boost', 2209, 'Hadi')
    INTO LOYALTYPROGRAM_PERSON (LP_ID, LP_Name, PE_ID, PE_PreferredName)
    VALUES (8765, 'Prime Loyalty', 2210, 'Lina')
SELECT 1 FROM DUAL;


--29 LoyaltyProgram_AppRegistration
INSERT ALL
    INTO LP_APPREGISTRATION (LP_ID, LP_Name, AR_ID, AR_Username)
    VALUES (5678, 'Elite Rewards', 5678, 'User10294739')
    INTO LP_APPREGISTRATION (LP_ID, LP_Name, AR_ID, AR_Username)
    VALUES (2345, 'Gold Points Club', 2345, 'Sweety')
    INTO LP_APPREGISTRATION (LP_ID, LP_Name, AR_ID, AR_Username)
    VALUES (7890, 'PerkPlus', 7890, 'tealover')
    INTO LP_APPREGISTRATION (LP_ID, LP_Name, AR_ID, AR_Username)
    VALUES (4567, 'Loyalty Legends', 4567, 'JuiceFan')
    INTO LP_APPREGISTRATION (LP_ID, LP_Name, AR_ID, AR_Username)
    VALUES (8901, 'Infinity Rewards', 8901, 'User02394791')
    INTO LP_APPREGISTRATION (LP_ID, LP_Name, AR_ID, AR_Username)
    VALUES (3456, 'VIP Perks', 3456, 'Coffee Pro')
    INTO LP_APPREGISTRATION (LP_ID, LP_Name, AR_ID, AR_Username)
    VALUES (6789, 'Prestige Club', 6789, 'Yogurt Queen')
    INTO LP_APPREGISTRATION (LP_ID, LP_Name, AR_ID, AR_Username)
    VALUES (9012, 'StarSaver', 9012, 'User28968329')
    INTO LP_APPREGISTRATION (LP_ID, LP_Name, AR_ID, AR_Username)
    VALUES (4321, 'Bonus Boost', 4321, 'User23094782')
    INTO LP_APPREGISTRATION (LP_ID, LP_Name, AR_ID, AR_Username)
    VALUES (8765, 'Prime Loyalty', 8765, 'Shakes')
SELECT 1 FROM DUAL;

--30. AppLogin_CustomerFeedback
INSERT ALL
    INTO APPLOGIN_CF (L_ID, L_DeviceType, CF_ID, CF_Suggestion)
    VALUES (5678, 'iPhone 14 Pro', 5678, 'Please add more dairy-free milk options.')
    INTO APPLOGIN_CF (L_ID, L_DeviceType, CF_ID, CF_Suggestion)
    VALUES (2345, 'Samsung Galaxy S23', 2345, 'The service is great, but the waiting time could be shorter.')
    INTO APPLOGIN_CF (L_ID, L_DeviceType, CF_ID, CF_Suggestion)
    VALUES (7890, 'Google Pixel 7', 7890, 'Would love to see more seasonal drink flavors!')
    INTO APPLOGIN_CF (L_ID, L_DeviceType, CF_ID, CF_Suggestion)
    VALUES (4567, 'OnePlus 11', 4567, 'Consider adding a rewards program for frequent customers.')
    INTO APPLOGIN_CF (L_ID, L_DeviceType, CF_ID, CF_Suggestion)
    VALUES (8901, 'iPad Air 5', 8901, 'The seating area could be more comfortable with extra cushions.')
    INTO APPLOGIN_CF (L_ID, L_DeviceType, CF_ID, CF_Suggestion)
    VALUES (3456, 'Samsung Galaxy Tab S8', 3456, 'It would be nice to have a sugar-free version of the caramel macchiato.')
    INTO APPLOGIN_CF (L_ID, L_DeviceType, CF_ID, CF_Suggestion)
    VALUES (6789, 'MacBook Pro M2', 6789, 'The app is convenient, but the payment process could be smoother.')
    INTO APPLOGIN_CF (L_ID, L_DeviceType, CF_ID, CF_Suggestion)
    VALUES (9012, 'Dell XPS 15', 9012, 'More variety in pastries would be great, especially savory options.')
    INTO APPLOGIN_CF (L_ID, L_DeviceType, CF_ID, CF_Suggestion)
    VALUES (4321, 'Asus ROG Phone 7', 4321, 'The music in the caf is a bit loud sometimes.')
    INTO APPLOGIN_CF (L_ID, L_DeviceType, CF_ID, CF_Suggestion)
    VALUES (8765, 'Huawei P50 Pro', 8765, 'Please offer more promotions for loyal customers!')
SELECT 1 FROM DUAL;


--31. AppLogin_AppRegistration
INSERT ALL
    INTO APPLOGIN_APPREGISTRATION (L_ID, L_DeviceType, AR_ID, AR_Username)
    VALUES (5678, 'iPhone 14 Pro', 5678, 'User10294739')
    INTO APPLOGIN_APPREGISTRATION (L_ID, L_DeviceType, AR_ID, AR_Username)
    VALUES (2345, 'Samsung Galaxy S23', 2345, 'Sweety')
    INTO APPLOGIN_APPREGISTRATION (L_ID, L_DeviceType, AR_ID, AR_Username)
    VALUES (7890, 'Google Pixel 7', 7890, 'tealover')
    INTO APPLOGIN_APPREGISTRATION (L_ID, L_DeviceType, AR_ID, AR_Username)
    VALUES (4567, 'OnePlus 11', 4567, 'JuiceFan')
    INTO APPLOGIN_APPREGISTRATION (L_ID, L_DeviceType, AR_ID, AR_Username)
    VALUES (8901, 'iPad Air 5', 8901, 'User02394791')
    INTO APPLOGIN_APPREGISTRATION (L_ID, L_DeviceType, AR_ID, AR_Username)
    VALUES (3456, 'Samsung Galaxy Tab S8', 3456, 'Coffee Pro')
    INTO APPLOGIN_APPREGISTRATION (L_ID, L_DeviceType, AR_ID, AR_Username)
    VALUES (6789, 'MacBook Pro M2', 6789, 'Yogurt Queen')
    INTO APPLOGIN_APPREGISTRATION (L_ID, L_DeviceType, AR_ID, AR_Username)
    VALUES (9012, 'Dell XPS 15', 9012, 'User28968329')
    INTO APPLOGIN_APPREGISTRATION (L_ID, L_DeviceType, AR_ID, AR_Username)
    VALUES (4321, 'Asus ROG Phone 7', 4321, 'User23094782')
    INTO APPLOGIN_APPREGISTRATION (L_ID, L_DeviceType, AR_ID, AR_Username)
    VALUES (8765, 'Huawei P50 Pro', 8765, 'Shakes')
SELECT 1 FROM DUAL;

--32. AppRegistration_GiftCards
INSERT ALL
    INTO APPREGISTRATION_GIFTCARDS (AR_ID, AR_Username, GC_ID, GC_Code)
    VALUES (5678, 'User10294739', 5678, 'GCC394583')
    INTO APPREGISTRATION_GIFTCARDS (AR_ID, AR_Username, GC_ID, GC_Code)
    VALUES (2345, 'Sweety', 2345, 'GCC294583')
    INTO APPREGISTRATION_GIFTCARDS (AR_ID, AR_Username, GC_ID, GC_Code)
    VALUES (7890, 'tealover', 7890, 'GCC240878')
    INTO APPREGISTRATION_GIFTCARDS (AR_ID, AR_Username, GC_ID, GC_Code)
    VALUES (4567, 'JuiceFan', 4567, 'GCC192342')
    INTO APPREGISTRATION_GIFTCARDS (AR_ID, AR_Username, GC_ID, GC_Code)
    VALUES (8901, 'User02394791', 8901, 'GCC023949')
    INTO APPREGISTRATION_GIFTCARDS (AR_ID, AR_Username, GC_ID, GC_Code)
    VALUES (3456, 'Coffee Pro', 3456, 'GCC234792')
    INTO APPREGISTRATION_GIFTCARDS (AR_ID, AR_Username, GC_ID, GC_Code)
    VALUES (6789, 'Yogurt Queen', 6789, 'GCC204957')
    INTO APPREGISTRATION_GIFTCARDS (AR_ID, AR_Username, GC_ID, GC_Code)
    VALUES (9012, 'User28968329', 9012, 'GCC345889')
    INTO APPREGISTRATION_GIFTCARDS (AR_ID, AR_Username, GC_ID, GC_Code)
    VALUES (4321, 'User23094782', 4321, 'GCC345249')
    INTO APPREGISTRATION_GIFTCARDS (AR_ID, AR_Username, GC_ID, GC_Code)
    VALUES (8765, 'Shakes', 8765, 'GCC123489')
SELECT 1 FROM DUAL;

--33. AppRegistration_ Promotions
INSERT ALL
    INTO APPREGISTRATION_PROMOTIONS (AR_ID, AR_Username, PR_ID, PR_Name)
    VALUES (5678, 'User10294739', 5678, 'Chinese New Year')
    INTO APPREGISTRATION_PROMOTIONS (AR_ID, AR_Username, PR_ID, PR_Name)
    VALUES (2345, 'Sweety', 2345, 'Raya Promotions')
    INTO APPREGISTRATION_PROMOTIONS (AR_ID, AR_Username, PR_ID, PR_Name)
    VALUES (7890, 'tealover', 7890, 'Mid-Autumn')
    INTO APPREGISTRATION_PROMOTIONS (AR_ID, AR_Username, PR_ID, PR_Name)
    VALUES (4567, 'JuiceFan', 4567, 'Black Friday')
    INTO APPREGISTRATION_PROMOTIONS (AR_ID, AR_Username, PR_ID, PR_Name)
    VALUES (8901, 'User02394791', 8901, 'Year End')
    INTO APPREGISTRATION_PROMOTIONS (AR_ID, AR_Username, PR_ID, PR_Name)
    VALUES (3456, 'Coffee Pro', 3456, 'Valentine''s Day')
    INTO APPREGISTRATION_PROMOTIONS (AR_ID, AR_Username, PR_ID, PR_Name)
    VALUES (6789, 'Yogurt Queen', 6789, 'Mother''s Day')
    INTO APPREGISTRATION_PROMOTIONS (AR_ID, AR_Username, PR_ID, PR_Name)
    VALUES (9012, 'User28968329', 9012, 'Back To School')
    INTO APPREGISTRATION_PROMOTIONS (AR_ID, AR_Username, PR_ID, PR_Name)
    VALUES (4321, 'User23094782', 4321, 'Halloween')
    INTO APPREGISTRATION_PROMOTIONS (AR_ID, AR_Username, PR_ID, PR_Name)
    VALUES (8765, 'Shakes', 8765, 'Summer Holiday')
SELECT 1 FROM DUAL;


--34 AppRegistration_Menu
INSERT ALL
    INTO APPREGISTRATION_MENU (AR_ID, AR_Username, M_ID, M_Name)
    VALUES (5678, 'User10294739', 1023, 'Classic Butter Croissant')
    INTO APPREGISTRATION_MENU (AR_ID, AR_Username, M_ID, M_Name)
    VALUES (2345, 'Sweety', 2345, 'Almond Chocolate Danish')
    INTO APPREGISTRATION_MENU (AR_ID, AR_Username, M_ID, M_Name)
    VALUES (7890, 'tealover', 6789, 'Triple Cheese Bagel')
    INTO APPREGISTRATION_MENU (AR_ID, AR_Username, M_ID, M_Name)
    VALUES (4567, 'JuiceFan', 8901, 'Smoked Chicken Sandwich')
    INTO APPREGISTRATION_MENU (AR_ID, AR_Username, M_ID, M_Name)
    VALUES (8901, 'User02394791', 4567, 'Tuna Mayo Croissant')
    INTO APPREGISTRATION_MENU (AR_ID, AR_Username, M_ID, M_Name)
    VALUES (3456, 'Coffee Pro', 3210, 'Salted Caramel Brownie')
    INTO APPREGISTRATION_MENU (AR_ID, AR_Username, M_ID, M_Name)
    VALUES (6789, 'Yogurt Queen', 7654, 'Dark Choco Lava Cake')
    INTO APPREGISTRATION_MENU (AR_ID, AR_Username, M_ID, M_Name)
    VALUES (9012, 'User28968329', 9087, 'Blueberry Cheese Muffin')
    INTO APPREGISTRATION_MENU (AR_ID, AR_Username, M_ID, M_Name)
    VALUES (4321, 'User23094782', 1346, 'Chicken Floss Bun')
    INTO APPREGISTRATION_MENU (AR_ID, AR_Username, M_ID, M_Name)
    VALUES (8765, 'Shakes', 8723, 'Honey Oat Granola Bar')
SELECT 1 FROM DUAL;


--35. AppRegistration_CustomerFeedback
INSERT ALL
    INTO AR_CUSTOMERFEEDBACK (AR_ID, AR_Username, CF_ID, CF_Suggestion)
    VALUES (5678, 'User10294739', 5678, 'Please add more dairy-free milk options.')
    INTO AR_CUSTOMERFEEDBACK (AR_ID, AR_Username, CF_ID, CF_Suggestion)
    VALUES (2345, 'Sweety', 2345, 'The service is great, but the waiting time could be shorter.')
    INTO AR_CUSTOMERFEEDBACK (AR_ID, AR_Username, CF_ID, CF_Suggestion)
    VALUES (7890, 'tealover', 7890, 'Would love to see more seasonal drink flavors!')
    INTO AR_CUSTOMERFEEDBACK (AR_ID, AR_Username, CF_ID, CF_Suggestion)
    VALUES (4567, 'JuiceFan', 4567, 'Consider adding a rewards program for frequent customers.')
    INTO AR_CUSTOMERFEEDBACK (AR_ID, AR_Username, CF_ID, CF_Suggestion)
    VALUES (8901, 'User02394791', 8901, 'The seating area could be more comfortable with extra cushions.')
    INTO AR_CUSTOMERFEEDBACK (AR_ID, AR_Username, CF_ID, CF_Suggestion)
    VALUES (3456, 'Coffee Pro', 3456, 'It would be nice to have a sugar-free version of the caramel macchiato.')
    INTO AR_CUSTOMERFEEDBACK (AR_ID, AR_Username, CF_ID, CF_Suggestion)
    VALUES (6789, 'Yogurt Queen', 6789, 'The app is convenient, but the payment process could be smoother.')
    INTO AR_CUSTOMERFEEDBACK (AR_ID, AR_Username, CF_ID, CF_Suggestion)
    VALUES (9012, 'User28968329', 9012, 'More variety in pastries would be great, especially savory options.')
    INTO AR_CUSTOMERFEEDBACK (AR_ID, AR_Username, CF_ID, CF_Suggestion)
    VALUES (4321, 'User23094782', 4321, 'The music in the caf is a bit loud sometimes.')
    INTO AR_CUSTOMERFEEDBACK (AR_ID, AR_Username, CF_ID, CF_Suggestion)
    VALUES (8765, 'Shakes', 8765, 'Please offer more promotions for loyal customers!')
SELECT 1 FROM DUAL;


--36. Promotions_CustomerFeedback
INSERT INTO PROMOTIONS_CUSTOMERFEEDBACK (PR_ID, PR_Name, CF_ID, CF_Suggestion)
VALUES (5678, 'Chinese New Year', 5678, 'Please add more dairy-free milk options.');

INSERT INTO PROMOTIONS_CUSTOMERFEEDBACK (PR_ID, PR_Name, CF_ID, CF_Suggestion)
VALUES (2345, 'Raya Promotions', 2345, 'The service is great, but the waiting time could be shorter.');

INSERT INTO PROMOTIONS_CUSTOMERFEEDBACK (PR_ID, PR_Name, CF_ID, CF_Suggestion)
VALUES (7890, 'Mid-Autumn', 7890, 'Would love to see more seasonal drink flavors!');

INSERT INTO PROMOTIONS_CUSTOMERFEEDBACK (PR_ID, PR_Name, CF_ID, CF_Suggestion)
VALUES (4567, 'Black Friday', 4567, 'Consider adding a rewards program for frequent customers.');

INSERT INTO PROMOTIONS_CUSTOMERFEEDBACK (PR_ID, PR_Name, CF_ID, CF_Suggestion)
VALUES (8901, 'Year End', 8901, 'The seating area could be more comfortable with extra cushions.');

INSERT INTO PROMOTIONS_CUSTOMERFEEDBACK (PR_ID, PR_Name, CF_ID, CF_Suggestion)
VALUES (3456, 'Valentine''s Day', 3456, 'It would be nice to have a sugar-free version of the caramel macchiato.');

INSERT INTO PROMOTIONS_CUSTOMERFEEDBACK (PR_ID, PR_Name, CF_ID, CF_Suggestion)
VALUES (6789, 'Mother''s Day', 6789, 'The app is convenient, but the payment process could be smoother.');

INSERT INTO PROMOTIONS_CUSTOMERFEEDBACK (PR_ID, PR_Name, CF_ID, CF_Suggestion)
VALUES (9012, 'Back To School', 9012, 'More variety in pastries would be great, especially savory options.');

INSERT INTO PROMOTIONS_CUSTOMERFEEDBACK (PR_ID, PR_Name, CF_ID, CF_Suggestion)
VALUES (4321, 'Halloween', 4321, 'The music in the caf is a bit loud sometimes.');

INSERT INTO PROMOTIONS_CUSTOMERFEEDBACK (PR_ID, PR_Name, CF_ID, CF_Suggestion)
VALUES (8765, 'Summer Holiday', 8765, 'Please offer more promotions for loyal customers!');



--37. Promotions_Payment
INSERT INTO PROMOTIONS_PAYMENT (PR_ID, PR_Name, P_ID, P_ReceiptNo)
VALUES (5678, 'Chinese New Year', 1023, 'RCN12345678');

INSERT INTO PROMOTIONS_PAYMENT (PR_ID, PR_Name, P_ID, P_ReceiptNo)
VALUES (2345, 'Raya Promotions', 3567, 'RCN23456789');

INSERT INTO PROMOTIONS_PAYMENT (PR_ID, PR_Name, P_ID, P_ReceiptNo)
VALUES (7890, 'Mid-Autumn', 8945, 'RCN34567890');

INSERT INTO PROMOTIONS_PAYMENT (PR_ID, PR_Name, P_ID, P_ReceiptNo)
VALUES (4567, 'Black Friday', 6721, 'RCN45678901');

INSERT INTO PROMOTIONS_PAYMENT (PR_ID, PR_Name, P_ID, P_ReceiptNo)
VALUES (8901, 'Year End', 2389, 'RCN56789012');

INSERT INTO PROMOTIONS_PAYMENT (PR_ID, PR_Name, P_ID, P_ReceiptNo)
VALUES (3456, 'Valentine''s Day', 7654, 'RCN67890123');

INSERT INTO PROMOTIONS_PAYMENT (PR_ID, PR_Name, P_ID, P_ReceiptNo)
VALUES (6789, 'Mother''s Day', 9102, 'RCN78901234');

INSERT INTO PROMOTIONS_PAYMENT (PR_ID, PR_Name, P_ID, P_ReceiptNo)
VALUES (9012, 'Back To School', 5438, 'RCN89012345');

INSERT INTO PROMOTIONS_PAYMENT (PR_ID, PR_Name, P_ID, P_ReceiptNo)
VALUES (4321, 'Halloween', 6781, 'RCN90123456');

INSERT INTO PROMOTIONS_PAYMENT (PR_ID, PR_Name, P_ID, P_ReceiptNo)
VALUES (8765, 'Summer Holiday', 4320, 'RCN01234567');


--38. Promotions_Order
INSERT ALL
    INTO PROMOTION_ORDER (PR_ID, PR_Name, O_ID, O_TotalAmount)
    VALUES (5678, 'Chinese New Year', 1289, 37.80)
    INTO PROMOTION_ORDER (PR_ID, PR_Name, O_ID, O_TotalAmount)
    VALUES (2345, 'Raya Promotions', 3745, 23.00)
    INTO PROMOTION_ORDER (PR_ID, PR_Name, O_ID, O_TotalAmount)
    VALUES (7890, 'Mid-Autumn', 5690, 54.70)
    INTO PROMOTION_ORDER (PR_ID, PR_Name, O_ID, O_TotalAmount)
    VALUES (4567, 'Black Friday', 7823, 40.10)
    INTO PROMOTION_ORDER (PR_ID, PR_Name, O_ID, O_TotalAmount)
    VALUES (8901, 'Year End', 9461, 48.00)
    INTO PROMOTION_ORDER (PR_ID, PR_Name, O_ID, O_TotalAmount)
    VALUES (3456, 'Valentine''s Day', 3157, 46.90)
    INTO PROMOTION_ORDER (PR_ID, PR_Name, O_ID, O_TotalAmount)
    VALUES (6789, 'Mother''s Day', 6278, 55.60)
    INTO PROMOTION_ORDER (PR_ID, PR_Name, O_ID, O_TotalAmount)
    VALUES (9012, 'Back To School', 8592, 56.20)
    INTO PROMOTION_ORDER (PR_ID, PR_Name, O_ID, O_TotalAmount)
    VALUES (4321, 'Halloween', 4913, 23.90)
SELECT 1 FROM DUAL;


--39. Promotions_Menu
INSERT ALL
    INTO PROMOTIONS_MENU (PR_ID, PR_Name, M_ID, M_Name)
    VALUES (5678, 'Chinese New Year', 1023, 'Classic Butter Croissant')
    INTO PROMOTIONS_MENU (PR_ID, PR_Name, M_ID, M_Name)
    VALUES (2345, 'Raya Promotions', 2345, 'Almond Chocolate Danish')
    INTO PROMOTIONS_MENU (PR_ID, PR_Name, M_ID, M_Name)
    VALUES (7890, 'Mid-Autumn', 6789, 'Triple Cheese Bagel')
    INTO PROMOTIONS_MENU (PR_ID, PR_Name, M_ID, M_Name)
    VALUES (4567, 'Black Friday', 8901, 'Smoked Chicken Sandwich')
    INTO PROMOTIONS_MENU (PR_ID, PR_Name, M_ID, M_Name)
    VALUES (8901, 'Year End', 4567, 'Tuna Mayo Croissant')
    INTO PROMOTIONS_MENU (PR_ID, PR_Name, M_ID, M_Name)
    VALUES (3456, 'Valentine''s Day', 3210, 'Salted Caramel Brownie')
    INTO PROMOTIONS_MENU (PR_ID, PR_Name, M_ID, M_Name)
    VALUES (6789, 'Mother''s Day', 7654, 'Dark Choco Lava Cake')
    INTO PROMOTIONS_MENU (PR_ID, PR_Name, M_ID, M_Name)
    VALUES (9012, 'Back To School', 9087, 'Blueberry Cheese Muffin')
    INTO PROMOTIONS_MENU (PR_ID, PR_Name, M_ID, M_Name)
    VALUES (4321, 'Halloween', 1346, 'Chicken Floss Bun')
    INTO PROMOTIONS_MENU (PR_ID, PR_Name, M_ID, M_Name)
    VALUES (8765, 'Summer Holiday', 8723, 'Honey Oat Granola Bar')
SELECT 1 FROM DUAL;


--40. Menu_Order
INSERT ALL
    INTO MENU_ORDER (M_ID, M_Name, O_ID, O_TotalAmount)
    VALUES (1023, 'Classic Butter Croissant', 1289, 37.80)
    INTO MENU_ORDER (M_ID, M_Name, O_ID, O_TotalAmount)
    VALUES (2345, 'Almond Chocolate Danish', 3745, 23.00)
    INTO MENU_ORDER (M_ID, M_Name, O_ID, O_TotalAmount)
    VALUES (6789, 'Triple Cheese Bagel', 5690, 54.70)
    INTO MENU_ORDER (M_ID, M_Name, O_ID, O_TotalAmount)
    VALUES (8901, 'Smoked Chicken Sandwich', 7823, 40.10)
    INTO MENU_ORDER (M_ID, M_Name, O_ID, O_TotalAmount)
    VALUES (4567, 'Tuna Mayo Croissant', 9461, 48.00)
    INTO MENU_ORDER (M_ID, M_Name, O_ID, O_TotalAmount)
    VALUES (3210, 'Salted Caramel Brownie', 3157, 46.90)
    INTO MENU_ORDER (M_ID, M_Name, O_ID, O_TotalAmount)
    VALUES (7654, 'Dark Choco Lava Cake', 6278, 55.60)
    INTO MENU_ORDER (M_ID, M_Name, O_ID, O_TotalAmount)
    VALUES (9087, 'Blueberry Cheese Muffin', 8592, 56.20)
    INTO MENU_ORDER (M_ID, M_Name, O_ID, O_TotalAmount)
    VALUES (1346, 'Chicken Floss Bun', 4913, 23.90)
    INTO MENU_ORDER (M_ID, M_Name, O_ID, O_TotalAmount)
    VALUES (8723, 'Honey Oat Granola Bar', 7304, 45.90)
SELECT 1 FROM DUAL;

--41. Menu_Payment
INSERT INTO MENU_PAYMENT (M_ID, M_Name, P_ID, P_ReceiptNo)
VALUES (1023, 'Classic Butter Croissant', 1023, 'RCN12345678');
INSERT INTO MENU_PAYMENT (M_ID, M_Name, P_ID, P_ReceiptNo)
VALUES (2345, 'Almond Chocolate Danish', 3567, 'RCN23456789');
INSERT INTO MENU_PAYMENT (M_ID, M_Name, P_ID, P_ReceiptNo)
VALUES (6789, 'Triple Cheese Bagel', 8945, 'RCN34567890');
INSERT INTO MENU_PAYMENT (M_ID, M_Name, P_ID, P_ReceiptNo)
VALUES (8901, 'Smoked Chicken Sandwich', 6721, 'RCN45678901');
INSERT INTO MENU_PAYMENT (M_ID, M_Name, P_ID, P_ReceiptNo)
VALUES (4567, 'Tuna Mayo Croissant', 2389, 'RCN56789012');
INSERT INTO MENU_PAYMENT (M_ID, M_Name, P_ID, P_ReceiptNo)
VALUES (3210, 'Salted Caramel Brownie', 7654, 'RCN67890123');
INSERT INTO MENU_PAYMENT (M_ID, M_Name, P_ID, P_ReceiptNo)
VALUES (7654, 'Dark Choco Lava Cake', 9102, 'RCN78901234');
INSERT INTO MENU_PAYMENT (M_ID, M_Name, P_ID, P_ReceiptNo)
VALUES (9087, 'Blueberry Cheese Muffin', 5438, 'RCN89012345');
INSERT INTO MENU_PAYMENT (M_ID, M_Name, P_ID, P_ReceiptNo)
VALUES (1346, 'Chicken Floss Bun', 6781, 'RCN90123456');
INSERT INTO MENU_PAYMENT (M_ID, M_Name, P_ID, P_ReceiptNo)
VALUES (8723, 'Honey Oat Granola Bar', 4320, 'RCN01234567');


--42. Order_Payment
INSERT INTO ORDER_PAYMENT (O_ID, O_TotalAmount, P_ID, P_ReceiptNo)
VALUES (1289, 37.80, 1023, 'RCN12345678');
INSERT INTO ORDER_PAYMENT (O_ID, O_TotalAmount, P_ID, P_ReceiptNo)
VALUES (3745, 23.00, 3567, 'RCN23456789');
INSERT INTO ORDER_PAYMENT (O_ID, O_TotalAmount, P_ID, P_ReceiptNo)
VALUES (5690, 54.70, 8945, 'RCN34567890');
INSERT INTO ORDER_PAYMENT (O_ID, O_TotalAmount, P_ID, P_ReceiptNo)
VALUES (7823, 40.10, 6721, 'RCN45678901');
INSERT INTO ORDER_PAYMENT (O_ID, O_TotalAmount, P_ID, P_ReceiptNo)
VALUES (9461, 48.00, 2389, 'RCN56789012');
INSERT INTO ORDER_PAYMENT (O_ID, O_TotalAmount, P_ID, P_ReceiptNo)
VALUES (3157, 46.90, 7654, 'RCN67890123');
INSERT INTO ORDER_PAYMENT (O_ID, O_TotalAmount, P_ID, P_ReceiptNo)
VALUES (6278, 55.60, 9102, 'RCN78901234');
INSERT INTO ORDER_PAYMENT (O_ID, O_TotalAmount, P_ID, P_ReceiptNo)
VALUES (8592, 56.20, 5438, 'RCN89012345');
INSERT INTO ORDER_PAYMENT (O_ID, O_TotalAmount, P_ID, P_ReceiptNo)
VALUES (4913, 23.90, 6781, 'RCN90123456');
INSERT INTO ORDER_PAYMENT (O_ID, O_TotalAmount, P_ID, P_ReceiptNo)
VALUES (7304, 45.90, 4320, 'RCN01234567');


--43. Order_CustomerFeedback
INSERT INTO ORDER_CUSTOMERFEEDBACK (O_ID, O_TotalAmount, CF_ID, CF_Suggestion)
VALUES (1289, 37.80, 5678, 'Please add more dairy-free milk options.');

INSERT INTO ORDER_CUSTOMERFEEDBACK (O_ID, O_TotalAmount, CF_ID, CF_Suggestion)
VALUES (3745, 23.00, 2345, 'The service is great, but the waiting time could be shorter.');

INSERT INTO ORDER_CUSTOMERFEEDBACK (O_ID, O_TotalAmount, CF_ID, CF_Suggestion)
VALUES (5690, 54.70, 7890, 'Would love to see more seasonal drink flavors!');

INSERT INTO ORDER_CUSTOMERFEEDBACK (O_ID, O_TotalAmount, CF_ID, CF_Suggestion)
VALUES (7823, 40.10, 4567, 'Consider adding a rewards program for frequent customers.');

INSERT INTO ORDER_CUSTOMERFEEDBACK (O_ID, O_TotalAmount, CF_ID, CF_Suggestion)
VALUES (9461, 48.00, 8901, 'The seating area could be more comfortable with extra cushions.');

INSERT INTO ORDER_CUSTOMERFEEDBACK (O_ID, O_TotalAmount, CF_ID, CF_Suggestion)
VALUES (3157, 46.90, 3456, 'It would be nice to have a sugar-free version of the caramel macchiato.');

INSERT INTO ORDER_CUSTOMERFEEDBACK (O_ID, O_TotalAmount, CF_ID, CF_Suggestion)
VALUES (6278, 55.60, 6789, 'The app is convenient, but the payment process could be smoother.');

INSERT INTO ORDER_CUSTOMERFEEDBACK (O_ID, O_TotalAmount, CF_ID, CF_Suggestion)
VALUES (8592, 56.20, 9012, 'More variety in pastries would be great, especially savory options.');

INSERT INTO ORDER_CUSTOMERFEEDBACK (O_ID, O_TotalAmount, CF_ID, CF_Suggestion)
VALUES (4913, 23.90, 4321, 'The music in the caf is a bit loud sometimes.');

INSERT INTO ORDER_CUSTOMERFEEDBACK (O_ID, O_TotalAmount, CF_ID, CF_Suggestion)
VALUES (7304, 45.90, 8765, 'Please offer more promotions for loyal customers!');



--44. Order_GiftCards
INSERT INTO ORDER_GIFTCARDS (O_ID, O_TotalAmount, GC_ID, GC_Code)
VALUES (1289, 37.80, 5678, 'GCC394583');

INSERT INTO ORDER_GIFTCARDS (O_ID, O_TotalAmount, GC_ID, GC_Code)
VALUES (3745, 23.00, 2345, 'GCC294583');

INSERT INTO ORDER_GIFTCARDS (O_ID, O_TotalAmount, GC_ID, GC_Code)
VALUES (5690, 54.70, 7890, 'GCC240878');

INSERT INTO ORDER_GIFTCARDS (O_ID, O_TotalAmount, GC_ID, GC_Code)
VALUES (7823, 40.10, 4567, 'GCC192342');

INSERT INTO ORDER_GIFTCARDS (O_ID, O_TotalAmount, GC_ID, GC_Code)
VALUES (9461, 48.00, 8901, 'GCC023949');

INSERT INTO ORDER_GIFTCARDS (O_ID, O_TotalAmount, GC_ID, GC_Code)
VALUES (3157, 46.90, 3456, 'GCC234792');

INSERT INTO ORDER_GIFTCARDS (O_ID, O_TotalAmount, GC_ID, GC_Code)
VALUES (6278, 55.60, 6789, 'GCC204957');

INSERT INTO ORDER_GIFTCARDS (O_ID, O_TotalAmount, GC_ID, GC_Code)
VALUES (8592, 56.20, 9012, 'GCC345889');

INSERT INTO ORDER_GIFTCARDS (O_ID, O_TotalAmount, GC_ID, GC_Code)
VALUES (4913, 23.90, 4321, 'GCC345249');

INSERT INTO ORDER_GIFTCARDS (O_ID, O_TotalAmount, GC_ID, GC_Code)
VALUES (7304, 45.90, 8765, 'GCC123489');


--45. Payment_CustomerFeedback
INSERT INTO PAYMENT_CUSTOMERFEEDBACK (P_ID, P_ReceiptNo, CF_ID, CF_Suggestion)
VALUES (1023, 'RCN12345678', 5678, 'Please add more dairy-free milk options.');

INSERT INTO PAYMENT_CUSTOMERFEEDBACK (P_ID, P_ReceiptNo, CF_ID, CF_Suggestion)
VALUES (3567, 'RCN23456789', 2345, 'The service is great, but the waiting time could be shorter.');

INSERT INTO PAYMENT_CUSTOMERFEEDBACK (P_ID, P_ReceiptNo, CF_ID, CF_Suggestion)
VALUES (8945, 'RCN34567890', 7890, 'Would love to see more seasonal drink flavors!');

INSERT INTO PAYMENT_CUSTOMERFEEDBACK (P_ID, P_ReceiptNo, CF_ID, CF_Suggestion)
VALUES (6721, 'RCN45678901', 4567, 'Consider adding a rewards program for frequent customers.');

INSERT INTO PAYMENT_CUSTOMERFEEDBACK (P_ID, P_ReceiptNo, CF_ID, CF_Suggestion)
VALUES (2389, 'RCN56789012', 8901, 'The seating area could be more comfortable with extra cushions.');

INSERT INTO PAYMENT_CUSTOMERFEEDBACK (P_ID, P_ReceiptNo, CF_ID, CF_Suggestion)
VALUES (7654, 'RCN67890123', 3456, 'It would be nice to have a sugar-free version of the caramel macchiato.');

INSERT INTO PAYMENT_CUSTOMERFEEDBACK (P_ID, P_ReceiptNo, CF_ID, CF_Suggestion)
VALUES (9102, 'RCN78901234', 6789, 'The app is convenient, but the payment process could be smoother.');

INSERT INTO PAYMENT_CUSTOMERFEEDBACK (P_ID, P_ReceiptNo, CF_ID, CF_Suggestion)
VALUES (5438, 'RCN89012345', 9012, 'More variety in pastries would be great, especially savory options.');

INSERT INTO PAYMENT_CUSTOMERFEEDBACK (P_ID, P_ReceiptNo, CF_ID, CF_Suggestion)
VALUES (6781, 'RCN90123456', 4321, 'The music in the caf is a bit loud sometimes.');

INSERT INTO PAYMENT_CUSTOMERFEEDBACK (P_ID, P_ReceiptNo, CF_ID, CF_Suggestion)
VALUES (4320, 'RCN01234567', 8765, 'Please offer more promotions for loyal customers!');



--46. Payment_GiftCards
INSERT INTO PAYMENT_GIFTCARDS (P_ID, P_ReceiptNo, GC_ID, GC_Code)
VALUES (1023, 'RCN12345678', 5678, 'GCC394583');

INSERT INTO PAYMENT_GIFTCARDS (P_ID, P_ReceiptNo, GC_ID, GC_Code)
VALUES (3567, 'RCN23456789', 2345, 'GCC294583');

INSERT INTO PAYMENT_GIFTCARDS (P_ID, P_ReceiptNo, GC_ID, GC_Code)
VALUES (8945, 'RCN34567890', 7890, 'GCC240878');

INSERT INTO PAYMENT_GIFTCARDS (P_ID, P_ReceiptNo, GC_ID, GC_Code)
VALUES (6721, 'RCN45678901', 4567, 'GCC192342');

INSERT INTO PAYMENT_GIFTCARDS (P_ID, P_ReceiptNo, GC_ID, GC_Code)
VALUES (2389, 'RCN56789012', 8901, 'GCC023949');

INSERT INTO PAYMENT_GIFTCARDS (P_ID, P_ReceiptNo, GC_ID, GC_Code)
VALUES (7654, 'RCN67890123', 3456, 'GCC234792');

INSERT INTO PAYMENT_GIFTCARDS (P_ID, P_ReceiptNo, GC_ID, GC_Code)
VALUES (9102, 'RCN78901234', 6789, 'GCC204957');

INSERT INTO PAYMENT_GIFTCARDS (P_ID, P_ReceiptNo, GC_ID, GC_Code)
VALUES (5438, 'RCN89012345', 9012, 'GCC345889');

INSERT INTO PAYMENT_GIFTCARDS (P_ID, P_ReceiptNo, GC_ID, GC_Code)
VALUES (6781, 'RCN90123456', 4321, 'GCC345249');

INSERT INTO PAYMENT_GIFTCARDS (P_ID, P_ReceiptNo, GC_ID, GC_Code)
VALUES (4320, 'RCN01234567', 8765, 'GCC123489');


